var_1,var_2,var_3,var_4,var_5,var_6,var_7,var_8,var_9,var_10,var_11,var_12,var_13,var_14,var_15,var_16,var_17,var_18,var_19,var_20,var_21,var_22,var_23,var_24,var_25,var_26,var_27,var_28,var_29,var_30,var_31,var_32,label
10,7,4,0,0,0,2,1,-0.232581467,-0.264578914,0,-0.198998348,0,-0.212901208,0.602994694,1.277809713,1.064620871,2.060408498,1,0,1.231586073,1,1,1.403926943,5,26,5,0,1.048619798,0,0,0,1
9,15,2,0,0,0,2,1,-0.232581467,-0.264578914,0,-0.198998348,0,-0.212901208,-0.551327676,-0.678771704,1.154227097,-0.671594682,0,0,0.600003471,0,3,0.481341311,4,18,14,0,-1.045526174,1,0,0,0
12,26,4,1,0,0,4,1,-0.232581467,-0.264578914,0,-0.198998348,1,-0.212901208,0.26830768,0.710513775,-0.861452915,1.131527417,0,0,1.161410228,1,1,1.403926943,3,3,9,0,2.143287011,0,0,0,0
1,17,18,0,0,0,2,1,-0.232581467,-0.264578914,0,-0.198998348,1,-0.212901208,-0.468003749,-0.537537288,-0.199455713,0.749046972,0,0,-1.435096022,0,1,-1.434798078,6,8,14,0,0.191923719,1,0,0,0
4,28,38,0,1,1,2,1,-0.232581467,-0.182887238,0,-0.198998348,1,-0.212901208,-0.47696996,-0.552735055,1.504657774,1.131527417,0,0,1.161410228,1,1,0.907150064,5,25,9,0,-0.474395454,0,1,1,1
2,17,18,0,0,0,2,1,-0.232581467,-0.019503887,0,-0.198998348,0,-0.212901208,-0.483153554,-0.563216273,0.531658022,0.749046972,0,0,-1.505271867,1,1,-1.434798078,6,12,6,0,1.001025572,0,0,0,0
8,30,38,0,0,0,3,1,-0.232581467,-0.182887238,0,-0.198998348,0,-0.212901208,-0.036234314,0.194313776,1.221001499,0.311926463,0,0,1.371937762,1,4,1.261990692,8,11,15,0,2.048098558,0,0,0,0
7,19,16,1,0,1,1,0,-0.232581467,-0.264578914,0,-0.198998348,0,-0.212901208,-0.316505702,-0.280747441,-0.109395779,-0.097874014,0,0,-0.382458353,0,2,-0.299308069,7,16,18,0,0.049141039,0,0,0,1
7,38,4,0,0,1,2,1,-0.232581467,-0.182887238,0,-0.198998348,0,-0.212901208,-0.61656459,-0.789348557,-1.196175323,-0.534994523,0,0,-1.224568488,1,1,-1.07995745,4,18,13,0,0.810648665,0,0,0,1
12,33,18,0,0,0,2,1,-0.232581467,-0.264578914,0,-0.198998348,1,-0.212901208,-0.525511172,-0.635012618,-0.50574199,1.78720818,0,0,-0.803513421,1,1,-0.654148697,6,12,5,0,2.71441773,1,0,0,0
11,12,9,0,0,0,3,1,1.259919924,-0.264578914,0,-0.198998348,0,-0.212901208,2.183212085,2.278591369,0.28916029,2.060408498,0,0,1.231586073,1,1,1.261990692,8,10,13,0,0.715460212,0,0,0,1
9,27,2,0,0,0,2,1,-0.232581467,-0.264578914,0,-0.198998348,0,-0.212901208,-0.384679823,-0.396302872,1.462797929,-0.453034427,0,0,-1.364920177,0,1,-1.292861827,6,23,12,0,-0.95033772,0,0,0,0
11,4,1,0,0,1,2,1,-0.232581467,-0.182887238,0,-0.198998348,0,-0.212901208,-0.611926895,-0.781487643,1.559493562,-0.944794999,1,0,-0.522810042,1,1,-0.796084948,5,7,5,0,-1.283497307,0,0,0,1
8,1,38,1,0,1,1,0,-0.232581467,-0.101195563,1,-0.198998348,0,-0.212901208,-0.293780995,-0.242228964,1.112278848,-1.136035222,1,0,-0.873689265,1,4,-0.938021199,1,1,1,0,1.048619798,0,1,0,1
7,17,6,0,0,0,2,1,-0.232581467,-0.264578914,0,-0.198998348,0,-0.212901208,-0.422554335,-0.460500334,-1.69732626,0.994927258,0,0,-1.7157994,0,1,-1.505766203,6,8,6,0,-0.474395454,0,0,0,0
6,38,1,1,0,1,1,0,0.016168765,-0.101195563,1,6.017229758,0,-0.212901208,1.592369699,2.954804633,-0.523040223,-0.944794999,1,0,-1.014040954,0,1,-1.150925575,1,1,1,0,-0.046047414,1,1,0,1
8,5,3,0,0,0,1,1,-0.232581467,-0.264578914,0,-0.198998348,0,-0.212901208,0.062239417,0.361227177,-0.242547336,1.240807544,0,0,-0.803513421,1,1,-0.796084948,9,19,3,0,-1.331091533,0,1,1,0
7,16,38,1,0,1,1,1,0.513669228,-0.182887238,0,-0.198998348,0,-0.212901208,0.024364905,0.297029715,0.518781819,-0.425714395,0,0,0.600003471,1,6,0.694245688,3,4,9,0,-1.331091533,0,0,0,1
5,3,38,1,0,0,1,1,-0.232581467,-0.060349725,0,-0.198998348,0,-0.212901208,-0.308930799,-0.267907949,-0.300088472,-0.015913919,0,0,0.108772559,1,2,0.126500684,7,9,12,0,-0.141235868,1,0,0,0
8,5,1,0,0,0,1,1,-0.232581467,-0.182887238,0,-0.198998348,0,-0.212901208,-0.59677709,-0.755808658,-0.510358851,-0.070553982,0,0,-1.224568488,0,1,-1.292861827,7,9,11,0,2.71441773,0,0,0,0
11,16,2,1,0,0,3,1,-0.232581467,-0.264578914,0,-0.198998348,0,-0.212901208,-0.528602969,-0.640253227,-0.811483423,-0.616954618,0,0,1.161410228,0,1,1.332958817,8,13,6,1,0.715460212,0,0,0,0
9,12,38,1,0,0,3,1,1.757420387,3.820004855,0,-0.198998348,0,-0.212901208,2.243965893,2.347243349,-0.133134846,2.060408498,0,0,1.231586073,1,1,1.120054441,7,14,17,1,-0.902743494,0,0,0,1
9,38,1,0,1,1,2,1,-0.232581467,-0.101195563,1,-0.198998348,0,-0.212901208,-0.589202188,-0.742969166,2.004402528,-1.10871519,0,0,0.038596715,0,1,-0.015435567,2,17,9,1,0.572677532,0,0,0,1
10,17,18,0,0,0,2,1,-0.232581467,-0.264578914,0,-0.198998348,0,-0.212901208,-0.371075917,-0.373244192,-1.607458727,0.749046972,0,0,-1.645623556,1,1,-1.434798078,2,17,13,0,-0.95033772,0,0,0,0
5,9,1,0,1,0,2,1,-0.232581467,-0.182887238,0,-0.198998348,0,-0.212901208,-0.536177871,-0.653092719,0.477547379,-1.026755095,0,0,-0.452634198,1,1,-0.370276195,2,17,20,1,-0.664772361,1,0,0,1
1,1,38,0,0,0,2,0,-0.232581467,7.904588623,1,-0.198998348,0,-0.212901208,-0.528602969,-0.640253227,1.24724112,-1.10871519,0,1,0.389475938,1,1,0.33940506,2,2,10,0,0.239517946,0,0,1,1
11,1,18,1,0,0,1,0,-0.232581467,-0.182887238,0,-0.198998348,0,-0.212901208,-0.104408435,0.078758345,0.087047748,-0.616954618,0,0,0.249124248,1,1,0.126500684,8,10,16,1,2.666823504,0,0,1,0
4,1,6,0,0,0,3,1,0.016168765,-0.182887238,0,-0.198998348,1,-0.212901208,1.955965013,0.630594486,-1.345058725,0.148006272,0,0,-0.873689265,0,3,-0.654148697,7,16,6,0,0.763054439,0,0,0,0
6,15,3,1,0,0,1,1,-0.232581467,-0.264578914,0,-0.198998348,0,-0.212901208,-0.458882949,-0.522077491,0.103780198,-0.944794999,0,0,0.740355161,0,4,0.97811819,7,14,7,0,0.144329492,1,0,0,0
5,4,1,0,0,0,3,0,-0.232581467,-0.182887238,0,-0.198998348,0,-0.212901208,1.069701434,0.496041847,-1.558916527,-0.616954618,0,0,1.863168674,1,1,1.758767571,9,21,10,0,0.334706399,0,0,0,0
5,15,38,1,0,0,1,1,-0.232581467,-0.182887238,0,-0.198998348,0,-0.212901208,-0.076582263,0.125923827,-0.287735969,0.257286399,0,0,0.670179316,0,1,0.765213813,3,4,8,1,0.525083305,0,0,0,0
10,1,38,1,0,1,1,0,-0.232581467,-0.101195563,1,-0.198998348,0,-0.212901208,-0.142282947,0.014560883,0.766239412,-1.136035222,0,0,0.950882694,0,1,1.191022566,1,1,1,1,2.524040824,0,0,0,1
2,4,1,1,0,1,1,0,-0.232581467,-0.182887238,0,-0.198998348,1,-0.212901208,-0.558902578,-0.691611196,0.108683011,-0.972115031,0,0,0.740355161,1,1,0.694245688,3,3,9,1,-0.80755504,0,0,0,1
6,27,18,0,0,0,2,1,-0.232581467,-0.264578914,0,-0.198998348,0,-0.212901208,-0.54684457,-0.671172821,-2.000242234,1.78720818,0,0,1.371937762,1,1,1.191022566,5,25,8,0,-0.855149267,1,0,0,0
12,5,18,0,0,0,1,1,-0.232581467,-0.019503887,0,-0.198998348,0,-0.212901208,1.528678683,0.885026059,-0.898454945,0.366566527,0,0,-1.084216799,1,1,-1.07995745,9,20,4,0,-1.473874213,0,0,0,0
3,17,18,0,0,0,2,1,-0.232581467,-0.019503887,0,-0.198998348,0,-0.212901208,-0.528602969,-0.640253227,0.707328876,0.749046972,0,0,0.810531005,0,1,0.694245688,6,23,7,0,1.952910104,0,0,0,0
9,38,1,0,0,0,3,0,0.264918997,-0.101195563,1,-0.198998348,0,-0.212901208,2.145337573,1.407645804,-0.280764434,-0.890154936,0,0,1.863168674,0,4,1.758767571,8,11,18,0,0.049141039,1,0,0,0
4,28,1,0,0,0,3,1,-0.232581467,-0.182887238,0,-0.198998348,1,-0.212901208,-0.536177871,-0.653092719,-1.676308172,0.639766844,0,0,1.301761917,1,1,1.049086315,9,19,18,0,-0.474395454,0,0,1,0
6,3,38,1,0,0,3,1,0.513669228,-0.182887238,0,-0.198998348,0,-0.212901208,-0.240756678,-0.152352517,-0.07066742,-0.015913919,0,0,0.459651782,0,3,0.410373186,9,21,10,0,1.524562065,0,1,0,0
9,5,9,0,0,0,1,1,-0.232581467,-0.264578914,0,-0.198998348,0,-0.212901208,-0.521028066,-0.627413735,-0.156197801,-0.261794205,0,0,-1.154392644,1,1,-1.07995745,3,4,11,0,0.477489079,1,0,0,0
9,1,38,1,0,1,1,0,-0.232581467,-0.101195563,1,-0.198998348,0,-0.212901208,0.365235513,0.874806871,-0.212998811,-1.081395158,1,0,-1.224568488,0,1,-1.505766203,1,1,1,1,0.858242892,0,1,0,1
2,4,9,1,0,1,1,1,-0.232581467,-0.264578914,0,-0.198998348,1,-0.212901208,-0.56647748,-0.704450689,-0.820555856,-0.780874809,0,0,0.038596715,1,1,-0.157371818,7,14,15,0,-0.046047414,0,0,0,1
7,17,18,0,0,0,2,1,-0.232581467,-0.264578914,0,-0.198998348,0,-0.212901208,-0.513453164,-0.614574242,-1.017303859,0.749046972,0,0,1.371937762,1,1,1.261990692,4,5,2,0,-0.80755504,0,0,0,0
3,17,18,0,0,0,1,1,-0.232581467,-0.264578914,0,-0.198998348,1,-0.212901208,0.650144596,1.357729002,-0.872105006,2.005768434,0,0,-0.873689265,0,1,-0.796084948,9,20,11,0,-0.664772361,0,0,0,0
4,39,9,0,0,0,3,1,0.264918997,-0.019503887,0,-0.198998348,0,-0.212901208,-0.127133142,0.040239868,0.082891637,0.72172694,0,0,1.792992829,1,4,1.616831319,7,16,12,0,0.191923719,0,0,0,0
12,38,16,1,0,1,1,1,1.757420387,-0.182887238,0,-0.198998348,0,-0.212901208,0.653081803,1.362707581,0.489749753,0.175326304,1,0,0.600003471,1,6,0.552309437,1,1,1,0,-0.569583907,0,1,0,1
3,17,18,0,0,0,2,1,-0.232581467,-0.264578914,0,-0.198998348,1,-0.212901208,-0.483153554,-0.563216273,0.583611781,0.749046972,0,0,-1.7157994,1,1,-1.505766203,2,17,12,0,0.477489079,0,0,0,0
12,9,38,1,0,0,3,0,3.249921777,-0.182887238,0,-0.198998348,0,0.897943148,1.304523408,2.466903924,-1.028034623,-0.944794999,0,1,-0.663161731,0,6,-0.867053073,7,9,18,0,0.810648665,0,0,1,1
8,38,9,0,0,0,3,0,-0.232581467,-0.182887238,0,-0.198998348,0,-0.212901208,0.365235513,0.874806871,0.046525976,-1.081395158,0,0,-0.452634198,1,1,-0.512212446,8,13,8,0,1.524562065,0,0,0,0
12,4,38,1,0,1,1,0,-0.232581467,-0.182887238,0,-0.198998348,0,-0.212901208,-0.47696996,-0.552735055,-0.417021651,-0.890154936,1,0,-1.294744333,1,6,-1.434798078,9,20,12,0,-1.140714627,0,1,0,1
8,17,18,0,0,0,2,1,-0.232581467,-0.264578914,0,-0.198998348,0,-0.212901208,-0.564931582,-0.701830384,3.274969496,0.749046972,0,0,1.722816985,1,3,1.474895068,4,6,10,0,-0.712366587,1,0,0,0
4,23,19,1,0,0,1,1,-0.232581467,-0.264578914,0,-0.198998348,1,-0.212901208,-0.581627285,-0.730129673,-1.090374914,1.240807544,0,0,0.670179316,1,4,0.481341311,1,1,1,1,1.905315878,0,0,1,0
9,1,16,1,0,1,1,0,1.259919924,-0.182887238,0,-0.198998348,0,-0.212901208,1.510437081,2.815928491,0.929770689,0.776367003,0,0,0.600003471,1,6,0.623277562,3,15,13,1,-0.188830094,0,0,0,1
6,15,27,1,0,0,1,1,-0.232581467,-0.264578914,0,-0.198998348,0,-0.212901208,-0.505878261,-0.60173475,0.421462371,-0.070553982,0,0,0.950882694,1,1,0.907150064,3,15,8,0,-1.140714627,0,0,0,0
11,16,38,0,0,1,2,1,-0.232581467,-0.182887238,0,-0.198998348,0,-0.212901208,-0.558902578,-0.691611196,2.008388528,-0.316434268,0,0,0.038596715,1,1,-0.228339944,4,6,9,0,-0.474395454,0,0,0,1
1,38,3,1,1,0,1,1,-0.232581467,-0.182887238,0,-0.198998348,1,-0.212901208,0.328906899,0.813229714,-0.483480292,0.503166686,0,1,0.319300093,1,1,0.055532558,1,1,1,1,-0.95033772,0,0,1,1
9,1,4,0,0,1,2,1,-0.232581467,-0.182887238,0,-0.198998348,0,-0.212901208,-0.622593594,-0.799567744,2.138504624,-0.944794999,0,0,0.389475938,1,3,0.197468809,6,8,9,0,-0.474395454,0,1,0,1
11,17,18,0,0,0,2,1,-0.232581467,-0.264578914,0,-0.198998348,0,-0.212901208,-0.598168399,-0.758166932,-0.097218252,0.749046972,0,0,0.810531005,1,1,0.765213813,1,1,1,0,1.476967838,0,0,0,0
1,28,4,0,0,1,2,1,-0.232581467,-0.264578914,0,-0.198998348,1,-0.212901208,-0.587656289,-0.740348861,1.182003412,2.060408498,1,0,0.178948404,1,1,0.055532558,2,22,12,0,-0.521989681,0,1,0,1
3,38,4,1,0,1,1,0,0.016168765,-0.182887238,0,-0.198998348,1,-0.212901208,0.342510805,0.836288394,-0.3086999,-0.726234745,0,0,0.529827627,0,1,0.552309437,1,1,1,0,0.525083305,1,0,0,1
3,38,1,0,0,1,2,1,-0.232581467,-0.101195563,1,-0.198998348,1,-0.212901208,-0.514999062,-0.617194547,1.069610507,-1.10871519,0,0,0.108772559,1,1,-0.086403693,4,18,13,0,0.525083305,0,0,0,1
7,22,38,0,0,1,2,0,-0.232581467,-0.182887238,0,-0.198998348,0,-0.212901208,-0.47696996,-0.552735055,1.105814664,-0.999435063,0,0,-0.382458353,1,4,-0.512212446,6,24,11,0,-0.188830094,0,0,0,1
5,4,38,1,0,1,1,0,-0.232581467,-0.182887238,0,-0.198998348,0,-0.212901208,-0.581627285,-0.730129673,-1.476193592,-0.890154936,0,0,-0.522810042,1,8,-0.370276195,1,1,1,1,0.763054439,0,0,0,1
12,17,18,0,0,0,2,1,-0.232581467,-0.264578914,0,-0.198998348,1,-0.212901208,-0.601414785,-0.763669572,0.542096622,0.749046972,0,0,-1.154392644,0,6,-0.938021199,2,2,12,0,0.477489079,1,0,1,0
9,28,27,1,0,0,1,1,0.016168765,-0.264578914,0,-0.198998348,0,-0.212901208,-0.551327676,-0.678771704,-1.003221055,0.42120659,0,0,0.740355161,1,1,0.765213813,1,1,1,1,-1.331091533,0,0,0,0
10,16,4,1,0,0,1,1,-0.232581467,-0.264578914,0,-0.198998348,0,-0.212901208,-0.504332363,-0.599114445,-0.10967321,-0.80819484,0,0,1.231586073,1,1,1.191022566,9,19,14,1,-0.712366587,1,0,0,0
10,1,38,1,0,1,1,0,-0.232581467,-0.101195563,1,-0.198998348,0,-0.212901208,-0.074108826,0.130116315,0.963084026,-1.136035222,1,0,-1.014040954,0,1,-0.938021199,7,9,13,0,0.620271759,0,1,0,1
12,15,2,0,0,0,2,1,-0.232581467,-0.264578914,0,-0.198998348,0,-0.212901208,-0.56647748,-0.704450689,-0.854947935,-0.671594682,0,0,1.091234383,1,10,1.332958817,2,17,2,0,0.667865985,0,0,0,0
9,16,3,1,0,0,3,1,0.016168765,-0.264578914,0,-0.198998348,0,-0.212901208,0.031939808,0.309869208,0.751905981,-0.753554777,0,0,-0.663161731,0,1,-0.44124432,7,14,19,1,0.525083305,0,0,0,0
8,63,22,0,0,1,2,1,-0.232581467,-0.264578914,0,-0.198998348,1,-0.212901208,-0.452853945,-0.511858303,0.217615904,2.060408498,0,0,1.512289451,0,2,1.474895068,2,2,2,0,-0.712366587,0,0,0,1
4,17,4,1,0,0,1,1,-0.232581467,-0.264578914,0,-0.198998348,1,-0.212901208,-0.165007654,-0.023957594,0.373909327,1.377407703,0,0,0.740355161,0,1,0.97811819,9,20,15,1,-0.426801227,0,0,1,0
6,4,6,0,0,0,3,1,-0.232581467,-0.142041401,0,-0.198998348,0,-0.212901208,0.903053582,0.354807431,-0.356897313,0.175326304,0,0,-0.312282508,1,1,-0.583180571,8,13,13,0,1.572156291,0,0,0,0
8,16,9,1,0,1,1,1,-0.232581467,-0.264578914,0,-0.198998348,0,-0.212901208,0.016790003,0.284190223,-0.412492972,-0.3437543,0,0,0.600003471,1,6,0.836181939,1,1,1,0,0.287112172,0,0,0,1
9,4,1,1,0,1,1,0,-0.232581467,-0.182887238,0,-0.198998348,0,-0.212901208,-0.536177871,-0.653092719,-0.596948715,-0.972115031,0,0,1.161410228,0,1,1.191022566,7,9,13,1,-0.617178134,0,0,1,1
1,4,38,1,0,1,1,0,0.264918997,-0.182887238,0,-0.198998348,1,3.675054036,0.062239417,0.361227177,-0.381963823,-0.835514872,1,0,0.529827627,0,1,0.481341311,1,1,1,1,0.382300625,0,1,1,1
7,19,38,1,0,0,3,0,1.259919924,-0.182887238,0,-0.198998348,0,1.083083874,0.327361001,0.81060941,-0.779114998,1.48668783,0,0,-0.803513421,1,1,-1.07995745,1,1,1,1,-0.855149267,0,0,0,0
9,9,38,1,0,1,1,0,-0.232581467,-0.182887238,0,-0.198998348,0,-0.212901208,-0.286206092,-0.229389471,-2.196569491,-1.10871519,0,0,-0.03157913,1,1,0.126500684,1,1,1,1,-0.997931947,0,0,0,1
10,1,38,1,0,1,1,0,-0.232581467,-0.101195563,1,-0.198998348,0,-0.212901208,-0.066533923,0.142955807,0.162414508,-1.136035222,0,0,0.670179316,0,10,0.765213813,7,14,14,1,0.667865985,0,0,0,1
5,38,4,0,0,1,2,1,-0.232581467,-0.182887238,0,-0.198998348,0,-0.212901208,-0.549781777,-0.676151399,-1.157274065,-0.534994523,0,0,-0.733337576,1,1,-0.938021199,6,23,14,0,-0.664772361,0,0,0,1
4,15,38,1,0,0,3,1,-0.232581467,-0.182887238,0,-0.198998348,1,-0.212901208,0.448559439,1.016041287,-0.270277467,1.131527417,0,0,1.231586073,1,1,1.403926943,9,20,18,0,0.049141039,0,0,0,0
12,3,1,0,0,1,2,1,-0.232581467,-0.182887238,0,-0.198998348,0,-0.212901208,-0.604351992,-0.768648151,-1.479398572,0.148006272,0,0,0.950882694,1,1,0.836181939,6,23,2,0,-0.474395454,0,0,0,1
9,27,19,0,0,1,2,1,-0.232581467,-0.264578914,0,-0.198998348,0,-0.212901208,-0.56647748,-0.704450689,0.496402815,-1.026755095,0,0,1.231586073,1,10,1.120054441,6,24,10,0,-0.474395454,0,0,0,1
2,38,9,0,0,0,3,0,1.011169692,3.942542368,0,-0.198998348,0,-0.212901208,0.289486489,0.746411948,0.104454259,-1.081395158,0,0,-1.435096022,1,1,-1.434798078,1,1,1,0,0.239517946,1,0,0,0
7,23,38,1,0,0,1,1,-0.232581467,-0.182887238,0,-0.198998348,0,-0.212901208,-0.558902578,-0.691611196,-0.028078721,-0.64427465,0,0,0.600003471,1,1,0.33940506,1,1,1,0,0.001546812,0,0,0,0
2,38,1,1,0,1,1,0,-0.232581467,-0.101195563,1,-0.198998348,1,-0.212901208,-0.075036365,0.128544132,-0.78987917,-1.136035222,0,0,-0.592985887,1,4,-0.583180571,7,14,19,1,0.001546812,1,0,0,1
5,38,4,0,0,1,2,1,-0.232581467,-0.182887238,0,-0.198998348,0,-0.212901208,-0.514999062,-0.617194547,1.285139488,-0.835514872,0,0,-1.575447711,1,1,-1.505766203,4,18,6,0,-1.426279987,0,0,1,1
7,4,38,1,0,1,1,0,-0.232581467,-0.182887238,0,-0.198998348,0,-0.212901208,-0.505878261,-0.60173475,-0.608648077,-0.890154936,0,0,0.038596715,0,8,-0.157371818,7,14,9,0,-0.712366587,0,0,0,1
7,16,19,0,0,0,1,0,-0.232581467,-0.264578914,0,-0.198998348,0,-0.212901208,-0.483153554,-0.563216273,-1.39505712,-0.097874014,0,0,0.740355161,0,1,0.623277562,9,19,14,0,-0.902743494,0,0,0,0
12,27,6,0,0,0,3,1,-0.232581467,-0.264578914,0,-0.198998348,1,-0.212901208,-0.490728457,-0.576055765,0.864628387,1.131527417,0,0,-0.733337576,1,1,-1.008989324,9,20,10,0,-1.473874213,0,0,0,0
9,39,18,0,0,0,2,1,-0.232581467,-0.264578914,0,-0.198998348,0,-0.212901208,-0.501240566,-0.593873836,-1.950672634,0.475846654,0,0,-0.803513421,1,1,-0.583180571,5,25,5,0,0.810648665,0,0,0,0
4,5,4,0,0,0,3,1,-0.232581467,-0.019503887,0,-0.198998348,0,-0.212901208,-0.180157459,-0.049636578,-0.501911106,0.175326304,0,0,-0.733337576,1,1,-0.796084948,8,13,6,0,0.572677532,0,0,1,0
9,38,18,0,0,0,2,0,-0.232581467,-0.182887238,0,-0.198998348,0,-0.212901208,-0.543752773,-0.665932212,1.418192992,-0.64427465,0,0,1.301761917,0,1,1.545863194,5,26,10,0,-0.997931947,1,0,0,0
12,4,38,1,0,1,1,0,-0.232581467,-0.182887238,0,-0.198998348,0,-0.212901208,-0.528602969,-0.640253227,0.007957621,-0.890154936,1,0,-0.242106664,1,1,-0.015435567,8,10,8,0,0.620271759,0,1,0,1
10,4,2,0,0,0,2,1,-0.232581467,-0.264578914,0,-0.198998348,0,-0.212901208,-0.543752773,-0.665932212,-1.135749321,0.066046177,0,0,1.161410228,1,8,1.332958817,5,26,12,0,-1.140714627,1,0,0,0
3,38,4,1,0,1,1,0,0.513669228,-0.182887238,0,-0.198998348,1,4.971039117,0.365235513,0.874806871,-0.523842674,-0.726234745,1,0,0.529827627,0,1,0.481341311,1,1,1,0,-0.95033772,1,1,0,1
7,9,6,0,0,1,2,1,-0.232581467,-0.264578914,0,-0.198998348,0,-0.212901208,-0.490728457,-0.576055765,-0.623026405,-0.999435063,0,0,-0.03157913,1,1,-0.015435567,5,7,20,0,0.620271759,0,0,0,1
8,31,38,0,0,0,1,1,-0.232581467,-0.182887238,0,-0.198998348,0,-0.212901208,1.713568137,0.696845535,-0.025542487,2.060408498,0,0,-0.663161731,1,1,-0.938021199,1,1,1,0,0.239517946,0,0,0,1
2,17,18,0,0,0,2,1,-0.232581467,-0.264578914,0,-0.198998348,1,-0.212901208,-0.504332363,-0.599114445,-0.169641841,0.749046972,0,0,1.231586073,1,1,1.261990692,4,5,4,0,0.334706399,1,0,0,0
5,3,19,0,0,0,1,1,-0.232581467,-0.264578914,0,-0.198998348,0,-0.212901208,2.29683562,0.842839156,-0.25243705,1.650608021,0,0,1.582465296,1,7,1.332958817,8,10,11,0,-0.046047414,0,0,0,0
8,4,18,0,0,0,2,1,-0.232581467,-0.264578914,0,-0.198998348,0,-0.212901208,-0.540660976,-0.660691603,1.892724477,-0.261794205,0,0,1.231586073,1,1,1.403926943,4,5,12,0,-0.80755504,0,0,0,0
6,27,2,0,0,0,2,1,-0.232581467,-0.264578914,0,-0.198998348,0,-0.212901208,-0.445279042,-0.499018811,0.136868162,-0.453034427,0,0,1.371937762,1,1,1.261990692,2,2,6,0,-1.37868576,1,0,1,0
12,7,4,1,0,0,3,0,1.508670155,-0.264578914,0,2.465099412,1,4.230476214,1.84991638,3.391347373,-0.928684946,2.060408498,0,0,-0.663161731,1,1,-0.867053073,1,1,1,1,-0.569583907,0,0,0,1
6,16,38,1,0,0,4,1,2.752421314,-0.060349725,0,-0.198998348,0,-0.212901208,-0.475578652,-0.55037678,0.179430153,-0.453034427,0,0,0.178948404,0,2,0.126500684,9,21,16,1,-0.188830094,0,0,0,0
6,5,9,0,0,1,3,1,-0.232581467,-0.142041401,0,-0.198998348,0,-0.212901208,1.743867746,0.498531136,-0.140298136,1.923808339,0,0,1.863168674,1,2,1.829735696,7,16,10,0,-0.664772361,0,0,0,0
3,9,22,1,0,1,1,1,-0.232581467,-0.264578914,0,-0.198998348,1,-0.212901208,0.647052799,1.352488393,-0.226985947,-0.698914713,0,0,0.389475938,1,1,0.410373186,8,10,3,0,-0.188830094,0,0,0,1
10,9,38,1,0,1,1,0,0.016168765,-0.182887238,0,-0.198998348,0,-0.212901208,0.501583756,1.105917734,-1.18151611,-1.054075127,0,0,0.600003471,1,6,0.33940506,9,19,15,0,-0.664772361,0,0,0,1
5,17,6,0,0,0,2,1,-0.232581467,-0.264578914,0,-0.198998348,0,-0.212901208,-0.483153554,-0.563216273,0.087012079,0.994927258,0,0,1.371937762,1,1,1.191022566,1,1,1,0,2.619229277,0,0,1,0
11,38,6,0,0,0,2,0,-0.232581467,-0.182887238,0,-0.198998348,0,-0.212901208,-0.619501797,-0.794327135,0.821993955,-0.890154936,0,0,1.371937762,1,1,1.120054441,5,25,6,0,0.715460212,0,0,0,0
3,24,16,1,0,0,3,1,-0.232581467,-0.264578914,0,-0.198998348,1,-0.212901208,-0.414979433,-0.447660842,-0.514633323,1.377407703,0,0,0.88070685,0,1,0.97811819,9,20,2,1,0.096735266,0,0,0,0
6,3,38,1,0,0,3,1,-0.232581467,-0.060349725,0,-0.198998348,0,-0.212901208,-0.40740453,-0.434821349,-0.37246104,-0.015913919,0,0,0.389475938,1,3,0.33940506,3,3,16,0,-0.331612774,0,0,0,0
12,6,1,1,0,1,1,1,-0.232581467,-0.182887238,0,-0.198998348,0,-0.212901208,-0.369530019,-0.370623887,1.716145158,-0.835514872,0,0,-0.592985887,1,1,-0.725116822,3,15,6,1,-0.093641641,0,0,0,1
10,17,18,0,0,0,2,1,-0.232581467,-0.264578914,0,-0.198998348,0,-0.212901208,-0.525511172,-0.635012618,0.51655591,0.749046972,0,0,-1.014040954,1,1,-0.796084948,5,26,6,0,-0.617178134,1,0,0,0
4,38,4,1,0,1,1,0,0.016168765,-0.182887238,0,-0.198998348,1,-0.212901208,-0.492274355,-0.57867607,-0.843372268,-0.890154936,1,0,-0.242106664,1,1,-0.512212446,9,21,14,0,-0.141235868,0,1,0,1
5,4,27,0,0,1,2,1,-0.232581467,-0.264578914,0,-0.198998348,0,-0.212901208,-0.460428847,-0.524697796,-1.757007965,0.831007067,0,0,0.88070685,1,1,1.049086315,5,7,13,0,-0.236424321,0,1,0,1
6,17,18,0,0,0,2,1,-0.232581467,-0.264578914,0,-0.198998348,0,-0.212901208,-0.50742416,-0.604355054,0.078986998,0.749046972,0,0,1.091234383,1,1,0.97811819,4,5,4,0,0.382300625,0,0,0,0
11,38,4,0,0,0,2,1,-0.232581467,-0.182887238,0,-0.198998348,0,-0.212901208,-0.452853945,-0.511858303,-1.155435477,-0.835514872,0,0,-1.014040954,1,4,-1.07995745,5,25,7,0,0.810648665,0,0,0,1
8,5,38,0,0,0,3,1,0.264918997,-0.182887238,0,-0.198998348,0,-0.212901208,-0.383133925,-0.393682568,-1.372653975,-0.152514077,0,0,-1.154392644,1,1,-1.434798078,1,1,1,0,0.763054439,0,0,1,0
8,1,38,0,0,1,2,0,-0.232581467,-0.101195563,1,-0.198998348,0,-0.212901208,-0.634651602,-0.82000612,0.344276877,-1.054075127,0,0,-1.154392644,1,4,-1.150925575,2,17,9,0,0.620271759,1,0,0,1
4,9,22,0,0,0,3,1,0.016168765,-0.264578914,0,-0.198998348,1,-0.212901208,1.616640304,0.419312377,-0.381123345,-0.3437543,0,0,1.863168674,1,9,1.687799445,1,1,1,0,0.715460212,0,0,0,0
5,1,19,0,0,1,2,1,-0.232581467,-0.182887238,0,-0.198998348,0,-0.212901208,-0.664951211,-0.871364089,1.137830955,0.940287194,0,0,-0.663161731,0,4,-0.512212446,6,23,5,0,0.144329492,0,0,0,1
9,1,4,1,0,1,1,0,-0.232581467,-0.182887238,0,-0.198998348,0,-0.212901208,-0.604351992,-0.768648151,0.071655178,-0.972115031,0,0,-0.522810042,1,1,-0.370276195,8,11,11,0,0.239517946,0,0,0,1
10,38,18,0,0,0,2,0,0.264918997,-0.182887238,0,-0.198998348,0,-0.212901208,-0.513453164,-0.614574242,0.719553639,-0.64427465,0,0,-0.242106664,1,1,-0.015435567,4,5,14,0,0.001546812,0,0,0,0
12,38,4,0,1,0,2,1,-0.232581467,-0.182887238,0,-0.198998348,1,-0.212901208,-0.522573965,-0.630034039,1.199634073,-0.835514872,0,0,0.319300093,1,1,0.126500684,4,18,14,0,-1.283497307,0,0,0,1
2,1,38,1,0,0,3,0,1.259919924,-0.101195563,1,1.873077687,1,3.675054036,0.001640198,0.258511238,-0.890904555,-1.136035222,0,0,-0.663161731,1,1,-0.44124432,8,10,14,1,0.144329492,0,0,0,1
5,5,18,0,0,0,1,1,0.016168765,-0.019503887,0,-0.198998348,0,-0.212901208,-0.210457068,-0.100994548,0.178399304,-0.698914713,0,0,-1.294744333,0,1,-1.221893701,7,14,2,0,-0.712366587,1,0,0,0
10,15,2,0,0,1,2,1,-0.232581467,-0.264578914,0,-0.198998348,0,-0.212901208,-0.498303359,-0.588895257,-0.350564609,-0.671594682,0,0,-0.242106664,1,10,-0.512212446,1,1,1,0,0.525083305,0,1,1,0
8,15,38,0,0,1,2,1,-0.232581467,-0.182887238,0,-0.198998348,0,-0.212901208,-0.47696996,-0.552735055,0.490841599,0.557806749,0,0,0.178948404,1,1,0.33940506,4,18,10,0,-0.141235868,0,0,0,1
11,38,19,0,1,0,2,1,-0.232581467,-0.182887238,0,-0.198998348,0,-0.212901208,-0.536177871,-0.653092719,1.249908441,1.02224729,0,0,0.319300093,1,1,0.481341311,2,17,12,1,-1.37868576,0,0,0,1
5,5,38,0,1,1,1,1,-0.232581467,-0.182887238,0,-0.198998348,0,-0.212901208,-0.352834315,-0.342324598,-0.101622011,-0.152514077,0,0,-1.7157994,1,1,-1.505766203,9,20,16,1,0.096735266,0,0,0,1
9,38,6,0,0,0,2,0,-0.232581467,-0.182887238,0,-0.198998348,0,-0.212901208,-0.611926895,-0.781487643,1.437074567,-0.890154936,0,0,-0.452634198,1,1,-0.583180571,4,5,17,0,2.524040824,0,0,0,0
12,38,16,1,0,1,1,1,0.264918997,-0.182887238,0,-0.198998348,0,-0.212901208,0.724193132,1.483241591,-0.662507403,0.257286399,0,0,0.600003471,1,6,0.836181939,1,1,1,1,-0.284018547,0,0,0,1
1,38,1,1,0,1,1,0,-0.232581467,-0.101195563,1,-0.198998348,1,-0.212901208,-0.47696996,-0.552735055,0.253516379,-1.136035222,0,0,1.65264114,1,7,1.758767571,1,1,1,0,-1.426279987,0,0,0,1
7,19,1,1,0,0,3,0,-0.232581467,-0.182887238,0,-0.198998348,0,-0.212901208,0.100113929,0.425424639,0.015528051,0.831007067,0,0,0.319300093,1,1,0.126500684,7,16,12,1,-0.95033772,1,0,0,0
5,80,38,0,0,0,1,1,-0.232581467,-0.182887238,0,-0.198998348,0,-0.212901208,-0.519482168,-0.62479343,0.880660944,0.803687035,0,0,-0.733337576,0,10,-1.008989324,7,9,15,0,0.620271759,0,0,0,0
2,2,38,1,0,0,3,1,-0.232581467,-0.182887238,0,-0.198998348,1,-0.212901208,-0.498303359,-0.588895257,-0.134289651,0.148006272,0,0,1.021058539,0,1,0.907150064,7,14,4,1,0.001546812,0,1,0,0
8,16,38,0,1,1,2,1,-0.232581467,-0.182887238,0,-0.198998348,0,-0.212901208,-0.47696996,-0.552735055,0.394157349,-0.316434268,0,0,-0.03157913,1,1,-0.299308069,6,8,6,1,-0.236424321,0,0,0,1
4,32,18,0,0,0,1,1,-0.232581467,-0.019503887,0,-0.198998348,0,-0.212901208,0.604540592,1.280430018,0.536815464,0.42120659,0,0,-0.873689265,1,1,-0.867053073,9,21,3,0,-0.379207001,0,0,0,0
2,2,38,1,0,0,3,1,-0.232581467,-0.182887238,0,-0.198998348,1,-0.212901208,-0.558902578,-0.691611196,0.909444539,0.148006272,0,0,-1.014040954,0,1,-1.07995745,1,1,1,0,-0.474395454,0,0,0,0
12,16,3,0,0,0,3,1,-0.232581467,-0.019503887,0,-0.198998348,0,-0.212901208,1.677239523,0.457044763,-1.189981762,0.175326304,0,0,1.722816985,1,6,1.616831319,9,19,2,0,0.334706399,0,0,0,0
9,38,18,1,0,1,1,0,-0.232581467,-0.182887238,0,-0.198998348,0,-0.212901208,-0.3287183,-0.301447847,-0.236953815,-0.698914713,0,0,0.529827627,1,1,0.33940506,9,21,17,0,0.715460212,1,0,0,1
8,38,16,0,0,0,3,1,-0.232581467,-0.182887238,0,-0.198998348,0,-0.212901208,-0.39828373,-0.419361552,-1.123711622,-0.453034427,0,0,0.319300093,1,1,0.055532558,7,16,14,0,0.525083305,0,0,0,0
1,15,2,0,0,0,2,1,-0.232581467,-0.264578914,0,-0.198998348,1,-0.212901208,-0.528602969,-0.640253227,1.672681133,-0.671594682,0,0,0.600003471,1,1,0.33940506,4,6,13,0,0.049141039,1,0,0,0
2,1,9,0,0,0,3,0,-0.232581467,-0.182887238,0,-0.198998348,1,-0.212901208,1.887790892,0.588145552,-0.678865212,-0.589634586,0,0,-1.575447711,1,1,-1.505766203,8,10,9,0,-1.0931204,0,0,0,0
6,23,38,1,0,0,3,1,0.016168765,-0.060349725,0,-0.198998348,0,-0.212901208,-0.549936367,-0.67641343,-0.091298423,-0.64427465,0,0,-0.663161731,0,5,-0.583180571,7,14,8,0,1.476967838,1,0,0,0
10,9,38,1,1,0,1,0,-0.232581467,-0.182887238,0,-0.198998348,0,-0.212901208,0.265061293,0.705011136,0.901159181,-1.081395158,0,0,0.319300093,1,1,0.481341311,3,3,7,1,-0.521989681,0,0,0,1
12,16,38,1,0,1,1,1,-0.232581467,-0.182887238,0,-0.198998348,0,-0.212901208,-0.47696996,-0.552735055,0.675945382,-0.453034427,0,0,0.459651782,0,1,0.481341311,7,16,7,1,-0.664772361,0,1,0,1
7,38,2,0,0,0,2,1,-0.232581467,-0.182887238,0,-0.198998348,0,-0.212901208,-0.551327676,-0.678771704,1.552880962,0.448526622,0,0,0.670179316,0,1,0.836181939,1,1,1,0,0.334706399,1,0,0,0
7,4,38,1,0,1,1,0,-0.232581467,-0.182887238,0,-0.198998348,0,-0.212901208,-0.47696996,-0.552735055,0.74545693,-0.890154936,0,0,1.161410228,1,1,0.97811819,8,11,4,1,-1.045526174,0,0,0,1
3,38,1,1,0,1,1,0,-0.232581467,-0.101195563,1,-0.198998348,1,-0.212901208,-0.104408435,0.078758345,-1.10999307,-1.136035222,0,0,-0.242106664,0,1,-0.228339944,7,16,14,0,-0.331612774,1,0,0,1
8,5,18,0,0,0,2,1,-0.232581467,-0.264578914,0,-0.198998348,0,-0.212901208,-0.528602969,-0.640253227,1.141679675,-0.616954618,0,0,-0.873689265,1,1,-0.654148697,4,6,14,0,0.001546812,0,0,0,0
4,38,1,1,0,1,1,0,0.016168765,-0.101195563,1,6.017229758,1,-0.212901208,-0.08925863,0.10443733,0.438114319,-1.136035222,1,0,0.319300093,1,1,0.126500684,1,1,1,0,0.429894852,0,1,0,1
12,38,4,0,0,0,3,0,-0.232581467,-0.182887238,0,-0.198998348,0,-0.212901208,1.221972431,0.625091846,1.420808224,-0.3437543,0,0,-0.312282508,1,1,-0.299308069,1,1,1,0,-1.188308853,1,0,0,0
7,18,9,1,0,1,1,0,-0.232581467,-0.264578914,0,-0.198998348,0,-0.212901208,-0.104408435,0.078758345,1.465796311,-0.780874809,0,0,0.178948404,1,5,0.410373186,3,3,4,1,-0.80755504,0,0,0,1
4,38,4,0,0,1,2,1,0.016168765,-0.182887238,0,-0.198998348,1,-0.212901208,-0.564931582,-0.701830384,0.762087731,-0.835514872,1,0,0.389475938,1,1,0.268436935,4,5,4,0,0.049141039,1,1,0,1
11,15,2,0,0,0,2,1,-0.232581467,-0.264578914,0,-0.198998348,0,-0.212901208,-0.521028066,-0.627413735,0.251328287,-0.671594682,0,0,0.950882694,1,4,1.120054441,6,23,2,0,1.096214025,0,0,0,0
3,10,6,0,0,0,2,1,-0.232581467,-0.019503887,0,-0.198998348,0,-0.212901208,-0.611463125,-0.780701551,0.596454571,1.650608021,0,0,-1.014040954,1,1,-0.867053073,6,24,14,0,-0.855149267,1,0,0,0
10,22,38,1,0,1,1,0,0.264918997,-0.182887238,0,-0.198998348,0,-0.212901208,0.130413539,0.476782608,1.587626649,-0.999435063,1,0,-1.294744333,1,1,-1.505766203,9,19,6,0,-1.0931204,1,1,1,1
1,38,1,1,0,1,1,0,0.016168765,-0.101195563,1,6.017229758,1,-0.212901208,0.19858766,0.592338039,0.423176545,-1.10871519,0,0,0.670179316,0,10,0.765213813,8,13,2,0,-0.474395454,1,0,0,1
5,1,38,0,1,0,2,0,-0.232581467,-0.101195563,1,-0.198998348,0,-0.212901208,-0.538805898,-0.657547237,0.031733509,-1.10871519,0,1,0.319300093,1,1,0.33940506,6,23,6,0,0.905837118,1,0,1,1
7,4,38,0,0,1,2,0,-0.232581467,-0.182887238,0,-0.198998348,0,-0.212901208,-0.581627285,-0.730129673,1.902541426,-0.835514872,0,0,0.389475938,1,1,0.197468809,1,1,1,0,-1.283497307,0,1,0,1
10,23,1,0,0,1,1,1,-0.232581467,-0.182887238,0,-0.198998348,0,-0.212901208,2.872528201,2.023941437,-1.15938026,1.814528212,0,0,-0.803513421,1,1,-0.938021199,8,11,6,0,2.048098558,0,0,0,1
12,15,9,1,0,0,3,1,-0.232581467,-0.264578914,0,-0.198998348,1,-0.212901208,1.02425202,1.991842706,-0.755248795,2.060408498,1,1,0.600003471,0,1,0.765213813,1,1,1,0,-0.093641641,0,1,1,1
2,7,38,0,0,0,3,1,2.25492085,-0.182887238,0,1.665870084,1,4.452645085,1.486321065,2.77505174,-0.96613385,2.060408498,1,0,-0.663161731,1,1,-0.938021199,1,1,1,0,2.666823504,0,1,0,1
11,1,38,1,0,0,3,0,-0.232581467,-0.101195563,1,-0.198998348,0,-0.212901208,-0.604351992,-0.768648151,-0.258847595,-1.136035222,0,0,-0.101754975,0,7,-0.299308069,7,16,12,1,-0.331612774,1,0,0,0
7,17,18,0,0,0,2,1,-0.232581467,-0.264578914,0,-0.198998348,0,-0.212901208,-0.39828373,-0.419361552,-1.022203998,0.749046972,0,0,-1.224568488,1,1,-1.150925575,4,6,13,0,-0.474395454,0,0,0,0
12,4,6,0,0,1,2,1,-0.232581467,-0.264578914,0,-0.198998348,0,-0.212901208,-0.513453164,-0.614574242,0.859571847,-0.507674491,0,0,-1.435096022,0,1,-1.505766203,6,12,5,0,-1.426279987,1,1,1,0
2,19,30,0,0,0,2,1,0.513669228,-0.264578914,0,-0.198998348,1,4.971039117,-0.581627285,-0.730129673,0.552258145,-0.835514872,0,0,1.021058539,1,1,0.97811819,4,5,11,0,-1.188308853,0,0,1,1
5,38,9,1,0,1,1,0,0.016168765,-0.182887238,0,-0.198998348,0,-0.212901208,1.327248115,0.714313217,1.112124469,-0.944794999,1,0,1.65264114,1,3,1.829735696,9,19,2,1,-0.188830094,0,0,0,1
4,5,4,0,0,0,1,1,0.016168765,-0.019503887,0,-0.198998348,0,-0.212901208,-0.186186463,-0.059855766,1.21807931,0.175326304,0,0,-0.733337576,1,1,-0.512212446,1,1,1,0,0.525083305,0,1,0,0
10,24,16,1,0,0,3,1,-0.232581467,-0.264578914,0,-0.198998348,0,-0.212901208,-0.43770414,-0.486179319,1.52661646,1.377407703,0,0,-0.733337576,1,8,-0.725116822,9,21,10,1,0.096735266,1,0,0,0
4,17,18,0,0,0,2,1,-0.232581467,-0.264578914,0,-0.198998348,1,-0.212901208,-0.419617128,-0.455521755,-1.113924254,0.749046972,0,0,-1.364920177,1,1,-1.363829952,2,2,8,0,-0.759960814,1,0,0,0
10,22,38,1,0,1,1,0,-0.232581467,-0.182887238,0,-0.198998348,0,-0.212901208,0.078007581,0.387954284,-1.237704726,-0.999435063,0,0,-1.294744333,1,1,-1.505766203,3,15,10,1,0.144329492,0,0,0,1
5,17,18,0,0,0,2,1,-0.232581467,-0.264578914,0,-0.198998348,0,-0.212901208,-0.498303359,-0.588895257,-0.984859852,0.749046972,0,0,-1.435096022,0,1,-1.434798078,4,6,11,0,-1.188308853,1,0,0,0
11,1,38,0,0,0,3,0,-0.232581467,-0.101195563,1,-0.198998348,0,-0.212901208,1.902940696,0.597578649,-1.535950131,-0.917474968,0,0,0.038596715,1,1,-0.228339944,8,11,3,0,-0.331612774,1,0,1,0
10,9,4,1,0,1,1,1,-0.232581467,-0.264578914,0,-0.198998348,0,-0.212901208,0.662048014,1.377905347,-2.497006613,-0.398394364,0,0,-1.7157994,1,8,-1.505766203,7,14,14,1,0.572677532,0,0,0,1
10,1,38,1,0,1,1,0,-0.232581467,-0.101195563,1,-0.198998348,0,-0.212901208,-0.543752773,-0.665932212,0.228071302,-1.136035222,0,0,0.600003471,1,1,0.33940506,1,1,1,1,0.239517946,0,0,0,1
4,17,18,0,0,0,2,1,-0.232581467,-0.264578914,0,-0.198998348,1,-0.212901208,-0.564931582,-0.701830384,-2.486426955,0.749046972,0,0,1.371937762,0,1,1.474895068,4,5,4,0,-0.855149267,0,1,0,0
11,31,38,0,0,0,3,1,-0.232581467,-0.182887238,0,-0.198998348,0,-0.212901208,0.244037075,0.669374994,-1.42680632,1.131527417,0,0,1.863168674,0,10,2.042640073,1,1,1,0,-0.236424321,0,0,1,0
12,7,1,1,0,1,1,1,0.016168765,-0.182887238,0,-0.198998348,1,7.56300928,1.130300653,2.171595599,-1.433219567,2.060408498,1,1,-0.382458353,0,1,-0.157371818,9,19,11,0,0.620271759,0,1,1,1
10,23,38,0,0,0,3,1,-0.232581467,-0.182887238,0,-0.198998348,0,-0.212901208,0.510704556,1.121377531,0.261788247,-0.261794205,0,0,-1.154392644,0,10,-1.363829952,8,10,2,0,-0.664772361,0,0,0,0
12,9,6,0,0,1,2,1,-0.232581467,-0.264578914,0,-0.198998348,0,-0.212901208,-0.551327676,-0.678771704,0.278060919,-0.80819484,0,0,-0.592985887,1,5,-0.583180571,1,1,1,0,0.049141039,0,0,1,1
8,4,9,1,0,1,1,1,-0.232581467,-0.264578914,0,-0.198998348,0,-0.212901208,-0.461510976,-0.526532009,-0.143646716,-0.780874809,0,0,-1.7157994,1,1,-1.505766203,7,14,6,0,-0.902743494,1,0,0,0
6,1,38,1,0,1,1,0,-0.232581467,-0.101195563,1,-0.198998348,0,-0.212901208,-0.134708045,0.027400376,-1.102340416,-1.136035222,0,0,-0.663161731,1,8,-0.725116822,8,13,8,1,-1.331091533,0,0,0,1
10,1,38,1,0,1,1,0,-0.232581467,-0.101195563,1,-0.198998348,0,-0.212901208,-0.354380214,-0.344944903,1.268603486,-1.136035222,1,0,0.600003471,0,1,0.552309437,8,13,3,0,0.001546812,0,1,0,1
11,17,18,0,0,0,2,1,-0.232581467,-0.264578914,0,-0.198998348,0,-0.212901208,-0.580081387,-0.727509369,-0.61955445,0.749046972,0,0,-0.663161731,1,3,-0.867053073,6,8,10,0,-0.188830094,0,0,0,0
3,15,38,1,0,0,3,1,-0.232581467,-0.182887238,0,-0.198998348,1,-0.212901208,-0.414979433,-0.447660842,0.976837814,0.257286399,0,0,-1.294744333,0,1,-1.363829952,3,3,9,1,2.476446597,0,0,0,0
5,38,18,0,0,0,2,0,-0.232581467,3.942542368,0,-0.198998348,0,-0.212901208,-0.543752773,-0.665932212,0.021972526,-0.64427465,0,0,0.108772559,1,3,-0.086403693,4,5,17,0,-1.23590308,1,0,1,0
11,1,18,0,1,0,2,1,-0.232581467,-0.182887238,0,-0.198998348,0,-0.212901208,-0.498303359,-0.588895257,-0.929164906,-0.534994523,0,0,0.319300093,1,1,0.481341311,4,6,4,0,-0.95033772,1,0,1,1
7,9,38,1,0,1,1,0,-0.232581467,-0.182887238,0,-0.198998348,0,-0.212901208,-0.292235096,-0.239608659,0.223134501,-1.10871519,0,0,-0.242106664,1,3,-0.228339944,8,13,13,1,-0.188830094,0,0,0,1
12,4,38,1,0,0,3,0,1.757420387,3.942542368,0,2.132087192,0,4.647042847,0.342510805,0.836288394,-0.575038515,-0.726234745,0,0,-0.663161731,1,1,-0.44124432,3,4,16,0,0.667865985,0,0,0,1
12,30,19,0,0,0,2,1,-0.232581467,-0.019503887,0,-0.198998348,0,-0.212901208,-0.513453164,-0.614574242,2.143466608,-0.835514872,0,0,-0.312282508,1,2,-0.299308069,4,6,6,0,0.858242892,0,0,0,1
10,38,2,0,0,0,2,1,-0.232581467,-0.182887238,0,-0.198998348,0,-0.212901208,-0.498303359,-0.588895257,0.240358831,0.448526622,0,0,1.722816985,1,1,1.900703822,1,1,1,0,-0.855149267,1,0,0,0
10,34,16,0,0,1,2,1,-0.232581467,-0.142041401,0,-0.198998348,0,-0.212901208,-0.564931582,-0.701830384,-0.858148747,2.060408498,0,1,-1.645623556,0,1,-1.505766203,2,2,17,0,0.334706399,1,0,1,1
2,53,4,1,0,0,3,1,-0.232581467,-0.264578914,0,-0.198998348,1,-0.212901208,-0.528602969,-0.640253227,0.1793364,1.650608021,0,0,1.021058539,1,1,1.261990692,8,11,15,1,-1.23590308,1,0,0,0
4,17,18,0,0,1,1,1,-0.232581467,-0.264578914,0,-0.198998348,1,-0.212901208,2.195270092,3.976723413,-1.262652859,2.060408498,0,0,0.950882694,1,4,0.836181939,3,4,8,0,-0.474395454,0,1,0,1
5,38,22,0,1,1,2,1,-0.232581467,3.942542368,0,-0.198998348,0,-0.212901208,-0.292235096,-0.239608659,0.847769939,-0.999435063,0,0,-1.645623556,1,1,-1.434798078,2,17,7,1,0.049141039,0,0,0,1
2,38,1,1,0,1,1,0,-0.232581467,-0.101195563,1,-0.198998348,1,-0.212901208,-0.537723769,-0.655713024,-0.815439986,-1.136035222,0,0,-1.294744333,1,3,-1.07995745,1,1,1,1,-0.331612774,0,0,0,1
11,3,38,1,0,0,3,1,0.016168765,-0.182887238,0,-0.198998348,0,-0.212901208,-0.225606873,-0.126673533,0.039309596,-0.015913919,0,0,0.459651782,0,3,0.552309437,3,15,15,1,0.715460212,0,1,1,0
12,17,18,0,0,0,2,1,-0.232581467,-0.264578914,0,-0.198998348,0,-0.212901208,-0.50742416,-0.604355054,-0.951059558,0.749046972,0,0,-1.084216799,1,1,-0.938021199,6,23,17,0,-0.712366587,1,0,1,0
6,38,2,0,0,0,3,1,-0.232581467,-0.182887238,0,-0.198998348,0,-0.212901208,-0.445279042,-0.499018811,-1.070169401,0.148006272,0,0,0.108772559,1,1,-0.015435567,3,15,17,0,-0.474395454,0,0,1,0
8,4,38,1,0,0,1,0,0.016168765,-0.182887238,0,-0.198998348,0,-0.212901208,-0.47696996,-0.552735055,-0.651244387,-0.890154936,0,0,1.371937762,1,3,1.616831319,9,21,16,1,0.620271759,0,0,0,0
6,26,19,0,0,1,2,1,-0.232581467,-0.264578914,0,-0.198998348,0,-0.212901208,-0.543752773,-0.665932212,1.268176318,0.612446813,0,0,0.459651782,0,8,0.197468809,5,7,14,0,0.477489079,0,1,0,1
4,9,38,1,0,0,3,0,2.006170619,-0.182887238,0,1.873077687,1,4.107049063,0.244037075,0.669374994,-0.9444671,-1.081395158,0,0,-0.663161731,1,1,-0.583180571,1,1,1,1,0.382300625,0,0,0,1
7,1,38,0,0,1,2,0,-0.232581467,-0.101195563,1,-0.198998348,0,-0.212901208,-0.657376309,-0.858524597,0.206326292,-1.10871519,0,0,-0.171930819,1,5,-0.299308069,4,18,14,0,-1.140714627,0,1,0,1
5,38,2,0,0,0,2,1,-0.232581467,-0.182887238,0,-0.198998348,0,-0.212901208,-0.536177871,-0.653092719,-1.02395436,0.448526622,0,0,1.091234383,1,4,1.261990692,2,2,11,0,-1.283497307,1,0,0,0
7,38,18,0,0,0,2,0,-0.232581467,-0.182887238,0,-0.198998348,0,-0.212901208,-0.510361367,-0.609333633,-0.441563862,-0.64427465,0,0,0.950882694,1,1,0.694245688,4,5,14,0,-1.23590308,1,0,0,0
6,17,16,0,0,0,3,1,3.001171545,-0.264578914,0,-0.198998348,0,3.375980556,5.76768681,3.57339151,-1.725684847,2.060408498,0,0,-1.084216799,1,2,-0.867053073,9,21,17,0,-1.283497307,1,0,0,1
7,16,1,1,0,1,1,0,1.011169692,-0.182887238,0,-0.198998348,0,-0.212901208,0.031939808,0.309869208,0.688583505,-0.507674491,0,0,0.600003471,1,6,0.765213813,1,1,1,0,-1.37868576,1,0,0,1
5,17,18,0,0,0,2,1,-0.232581467,-0.264578914,0,-0.198998348,0,-0.212901208,-0.495366152,-0.583916679,1.246569685,0.749046972,0,0,0.600003471,0,1,0.836181939,5,26,4,0,-0.331612774,1,0,1,0
3,17,1,1,0,0,3,1,6.483674789,3.942542368,0,-0.198998348,0,-0.212901208,-0.028659411,0.207153269,0.115503939,1.131527417,0,0,0.108772559,1,1,0.268436935,9,20,6,1,1.334185158,0,0,0,0
2,7,1,1,0,1,1,1,-0.232581467,-0.182887238,0,-0.198998348,1,-0.212901208,1.380272432,2.595298847,-0.876100043,2.060408498,0,0,-0.382458353,0,1,-0.157371818,1,1,1,0,0.858242892,1,0,0,1
12,28,16,1,0,0,3,1,0.513669228,-0.019503887,0,-0.198998348,0,-0.212901208,-0.489182558,-0.573435461,-0.509264148,-0.015913919,0,0,0.740355161,1,8,0.836181939,7,16,9,1,2.524040824,1,0,0,0
10,18,22,0,0,0,3,1,-0.232581467,-0.264578914,0,-0.198998348,0,-0.212901208,1.8891822,0.589011857,-0.45858697,1.240807544,0,0,-1.294744333,0,6,-1.150925575,7,9,4,0,-0.474395454,0,0,0,0
8,1,9,0,0,0,3,0,10.71242873,-0.182887238,0,0.224835387,0,2.084526891,2.016564232,0.668326872,-0.848377339,-0.562314554,0,0,-0.382458353,0,1,-0.228339944,3,3,6,0,2.143287011,0,1,1,0
8,38,1,1,0,1,1,0,0.016168765,-0.101195563,1,6.017229758,0,-0.212901208,0.206162563,0.605177532,-1.226735861,-1.10871519,1,0,0.600003471,0,1,0.765213813,9,20,8,0,-0.617178134,0,1,1,1
2,17,18,0,0,0,2,1,-0.232581467,-0.264578914,0,-0.198998348,1,-0.212901208,-0.57698959,-0.72226876,1.167227026,0.749046972,0,0,-1.505271867,1,1,-1.505766203,2,2,10,0,0.858242892,1,0,0,0
4,30,38,1,0,1,1,1,-0.232581467,-0.182887238,0,-0.198998348,1,-0.212901208,-0.47696996,-0.552735055,1.215901899,0.311926463,0,0,-0.382458353,1,1,-0.370276195,3,4,3,1,0.287112172,0,0,0,1
1,18,9,0,0,0,3,0,-0.232581467,-0.264578914,0,-0.198998348,1,-0.212901208,6.796327636,3.644468794,1.117055045,2.060408498,0,1,1.65264114,1,1,1.829735696,1,1,1,0,-0.141235868,0,0,1,1
4,38,2,0,0,0,2,1,-0.232581467,-0.182887238,0,-0.198998348,1,-0.212901208,-0.543752773,-0.665932212,-0.641301207,0.448526622,0,0,1.231586073,0,1,1.474895068,2,17,13,0,-1.473874213,0,0,0,0
2,17,18,0,0,0,2,1,-0.232581467,-0.264578914,0,-0.198998348,1,-0.212901208,-0.522573965,-0.630034039,-0.539074365,0.749046972,0,0,-1.154392644,1,1,-1.008989324,2,2,9,0,-0.284018547,1,0,0,0
7,4,19,0,0,1,2,1,-0.232581467,-0.264578914,0,-0.198998348,0,-0.212901208,-0.430129238,-0.473339826,0.1467926,0.667086876,0,0,-1.575447711,1,1,-1.363829952,4,18,14,0,0.001546812,0,0,0,1
7,22,38,1,0,1,1,0,0.513669228,-0.182887238,0,3.945153722,0,4.971039117,-0.218031971,-0.11383404,0.823450796,-1.026755095,1,0,0.670179316,0,10,0.552309437,7,9,8,0,-0.80755504,0,1,0,1
7,4,38,0,0,1,2,0,-0.232581467,-0.182887238,0,-0.198998348,0,-0.212901208,-0.47696996,-0.552735055,0.914073891,-0.835514872,0,0,-1.785975245,1,10,-1.576734329,6,12,20,0,-1.426279987,1,0,0,1
1,38,4,1,0,1,1,0,-0.232581467,-0.182887238,0,-0.198998348,1,-0.212901208,-0.307384901,-0.265287644,-2.39099216,-0.890154936,0,0,-0.171930819,0,1,-0.370276195,9,21,11,1,-0.284018547,0,0,0,1
8,12,1,0,1,1,2,1,-0.232581467,-0.182887238,0,-0.198998348,1,-0.212901208,-0.543752773,-0.665932212,1.181017957,2.060408498,0,0,0.88070685,1,1,1.049086315,4,18,6,0,-0.426801227,0,0,0,1
1,38,18,0,0,0,2,0,-0.232581467,-0.182887238,0,-0.198998348,1,-0.212901208,-0.480061757,-0.557975664,-0.391150535,-0.64427465,0,0,-1.7157994,1,1,-1.505766203,5,25,9,0,0.763054439,0,0,0,0
9,15,2,0,0,0,2,1,0.016168765,-0.264578914,0,-0.198998348,0,-0.212901208,-0.543752773,-0.665932212,-0.199752269,-0.671594682,0,0,0.670179316,0,1,0.410373186,1,1,1,0,0.287112172,1,0,0,0
5,1,9,1,0,1,1,0,-0.232581467,-0.182887238,0,-0.198998348,0,-0.212901208,-0.589202188,-0.742969166,0.262213794,-1.026755095,0,0,-1.014040954,1,9,-0.796084948,8,10,18,0,-0.188830094,0,0,0,1
8,12,19,1,0,1,1,1,-0.232581467,-0.264578914,0,-0.198998348,0,-0.212901208,0.971227703,1.90196626,0.535443601,2.060408498,0,0,0.810531005,0,1,1.049086315,3,3,11,0,-1.283497307,0,0,0,1
8,19,9,1,0,0,3,1,-0.232581467,-0.264578914,0,-0.198998348,0,-0.212901208,-0.172582557,-0.036797086,0.692557309,0.776367003,0,0,0.950882694,1,1,1.120054441,3,15,9,0,2.333663917,0,1,0,0
11,28,9,0,0,1,2,1,-0.232581467,-0.264578914,0,-0.198998348,1,-0.212901208,-0.551327676,-0.678771704,-0.572267378,1.240807544,1,0,-1.645623556,0,9,-1.434798078,2,17,20,0,-0.093641641,0,1,0,1
6,1,38,1,0,1,1,0,-0.232581467,7.904588623,1,-0.198998348,0,-0.212901208,-0.422554335,-0.460500334,1.596167595,-1.136035222,1,0,-1.014040954,1,5,-1.150925575,9,21,17,1,-1.140714627,0,0,0,1
8,38,4,0,0,1,2,1,-0.232581467,-0.182887238,0,-0.198998348,0,-0.212901208,-0.528602969,-0.640253227,-1.326147063,-0.835514872,0,0,-0.873689265,0,7,-1.150925575,1,1,1,0,1.476967838,0,0,0,1
4,38,6,0,0,1,2,1,-0.232581467,-0.182887238,0,-0.198998348,1,-0.212901208,-0.543752773,-0.665932212,0.256512504,-0.616954618,0,0,-0.382458353,0,10,-0.157371818,5,25,8,0,0.191923719,0,0,0,1
8,1,38,0,0,1,2,0,-0.232581467,-0.101195563,1,-0.198998348,0,-0.212901208,-0.59677709,-0.755808658,-1.175574978,-1.10871519,0,1,-0.101754975,1,1,-0.228339944,4,5,9,0,-1.473874213,0,0,1,1
9,17,18,0,0,0,2,1,-0.232581467,-0.264578914,0,-0.198998348,0,-0.212901208,-0.455945742,-0.517098912,-0.618133062,0.749046972,0,0,-0.873689265,1,1,-0.938021199,5,7,13,0,1.667344745,1,1,0,0
5,3,38,1,0,0,1,1,-0.232581467,3.942542368,0,-0.198998348,0,-0.212901208,-0.324080604,-0.293586933,-1.348665798,-0.015913919,0,0,0.459651782,0,3,0.197468809,9,20,11,1,0.572677532,0,0,0,0
4,17,38,1,0,0,3,1,-0.232581467,-0.182887238,0,-0.198998348,1,-0.212901208,-0.291462147,-0.238298507,0.755522712,1.049567321,0,0,1.863168674,0,1,1.687799445,3,3,2,1,-0.331612774,1,0,0,0
8,4,38,1,0,0,3,0,-0.232581467,-0.182887238,0,-0.198998348,0,-0.212901208,-0.528602969,-0.640253227,-0.05251282,-0.890154936,0,0,0.670179316,1,1,0.765213813,8,10,11,1,0.287112172,0,0,0,0
2,26,16,1,0,0,3,1,-0.232581467,-0.264578914,0,-0.198998348,1,-0.212901208,0.146954652,0.504819867,-0.48492596,0.366566527,0,0,-0.733337576,1,1,-1.008989324,1,1,1,0,-0.379207001,0,0,0,0
5,9,18,0,0,1,2,0,-0.232581467,-0.019503887,0,-0.198998348,0,-0.212901208,-0.50742416,-0.604355054,1.39610165,-0.753554777,0,0,-1.084216799,1,1,-0.938021199,6,12,10,0,-0.855149267,0,0,0,1
9,38,2,0,0,0,2,1,-0.232581467,-0.182887238,0,-0.198998348,0,-0.212901208,-0.56647748,-0.704450689,-0.530954863,0.448526622,0,0,0.88070685,1,1,0.765213813,4,5,14,0,-0.664772361,0,0,0,0
9,18,38,0,0,0,3,0,-0.232581467,-0.182887238,0,-0.198998348,0,-0.212901208,1.940815208,0.62116139,0.307739871,0.612446813,0,0,1.792992829,1,8,1.971671947,3,4,10,0,-1.045526174,1,0,0,0
9,5,38,0,0,0,1,1,0.513669228,-0.182887238,0,-0.198998348,0,-0.212901208,-0.125587244,0.042860173,0.030100975,-0.152514077,0,0,-0.803513421,1,1,-0.867053073,7,9,18,0,-0.521989681,0,0,0,0
10,28,6,1,0,0,3,1,-0.232581467,-0.142041401,0,-0.198998348,0,-0.212901208,0.084964124,0.399745654,0.691410099,1.322767639,0,0,-0.94386511,0,1,-0.867053073,7,16,12,1,1.191402478,1,0,0,0
10,16,19,0,0,1,2,1,-0.232581467,-0.264578914,0,-0.198998348,0,-0.212901208,-0.43770414,-0.486179319,-0.208505706,0.12068624,0,0,-0.733337576,1,1,-0.796084948,4,5,14,0,-0.331612774,1,0,0,1
9,16,1,0,0,1,2,1,-0.232581467,-0.182887238,0,-0.198998348,0,-0.212901208,-0.619501797,-0.794327135,1.033644099,0.257286399,0,0,-0.171930819,1,9,-0.157371818,6,12,7,0,-1.23590308,0,0,0,1
9,38,22,1,0,1,1,0,-0.232581467,-0.182887238,0,-0.198998348,0,-0.212901208,-0.443887734,-0.496660537,0.056591406,-1.026755095,0,0,0.459651782,0,1,0.410373186,7,9,3,1,-0.80755504,1,0,0,1
11,39,18,0,0,0,2,1,-0.232581467,-0.264578914,0,-0.198998348,0,-0.212901208,-0.57698959,-0.72226876,1.653087804,0.475846654,0,0,-0.663161731,1,1,-0.867053073,2,17,13,0,0.810648665,1,1,0,0
9,28,38,1,0,0,3,1,1.508670155,3.820004855,0,-0.198998348,0,-0.212901208,1.53177048,1.542460474,0.005693644,2.060408498,0,0,1.231586073,1,1,1.474895068,3,4,16,0,-1.140714627,0,0,0,1
7,15,2,0,0,0,2,1,-0.232581467,-0.264578914,0,-0.198998348,0,-0.212901208,-0.536177871,-0.653092719,1.451953073,-0.671594682,0,0,1.161410228,1,4,0.907150064,5,26,12,0,0.096735266,0,0,0,0
12,38,1,1,0,1,1,0,0.016168765,-0.101195563,1,6.017229758,0,-0.212901208,1.334823018,2.518261893,-1.38411304,-0.972115031,1,0,-0.382458353,0,1,-0.654148697,9,19,4,1,0.667865985,0,1,0,1
2,38,4,0,1,0,2,1,-0.232581467,-0.182887238,0,-0.198998348,1,-0.212901208,-0.537723769,-0.655713024,1.074339845,-0.835514872,0,0,0.319300093,1,1,0.197468809,1,1,1,0,0.239517946,0,0,0,1
5,10,4,1,0,0,3,1,1.011169692,-0.264578914,0,-0.198998348,0,-0.212901208,-0.551327676,-0.678771704,-0.146906307,1.951128371,0,0,-0.733337576,1,1,-0.867053073,9,21,3,0,0.144329492,0,0,0,0
3,1,38,1,0,0,3,0,0.016168765,7.904588623,1,-0.198998348,0,-0.212901208,-0.483153554,-0.563216273,-1.363718941,-1.136035222,0,0,1.021058539,0,1,0.836181939,9,19,9,0,-0.046047414,1,0,0,0
11,38,4,1,0,1,1,0,-0.232581467,-0.182887238,0,-0.198998348,0,-0.212901208,-0.513453164,-0.614574242,1.084500966,-0.890154936,0,0,-0.03157913,0,8,-0.299308069,7,9,14,1,-0.569583907,1,0,0,1
5,9,16,1,0,1,1,1,-0.232581467,-0.264578914,0,-0.198998348,0,-0.212901208,-0.543752773,-0.665932212,-0.291699862,-0.371074332,0,0,0.249124248,0,1,0.33940506,7,14,10,1,-0.759960814,1,0,0,1
3,18,38,0,0,1,2,0,-0.232581467,-0.182887238,0,-0.198998348,1,-0.212901208,-0.459037539,-0.522339522,-2.35378114,-0.64427465,0,0,-1.575447711,1,1,-1.434798078,1,1,1,0,0.001546812,0,0,0,1
8,10,38,1,0,0,1,1,-0.232581467,3.820004855,0,-0.198998348,0,-0.212901208,-0.004388806,0.24829205,-1.016066395,1.650608021,0,0,-1.014040954,1,1,-1.150925575,3,15,2,0,1.238996705,0,0,0,0
12,17,38,0,0,1,1,1,-0.232581467,-0.182887238,0,-0.198998348,1,-0.212901208,-0.058959021,0.155795299,0.544227415,1.049567321,0,0,-0.873689265,0,1,-0.796084948,7,16,12,0,1.667344745,0,0,0,1
10,5,18,0,0,0,2,1,-0.232581467,-0.264578914,0,-0.198998348,0,-0.212901208,-0.580081387,-0.727509369,-0.709046392,-0.616954618,0,0,0.810531005,1,9,0.552309437,4,6,6,0,0.429894852,0,0,0,0
2,27,16,1,0,0,1,1,1.011169692,-0.264578914,0,-0.198998348,1,-0.212901208,-0.458882949,-0.522077491,0.66823605,0.093366209,0,0,0.88070685,1,3,0.97811819,1,1,1,0,2.762011957,0,0,0,0
9,5,18,0,0,0,1,1,-0.232581467,-0.264578914,0,-0.198998348,0,-0.212901208,0.510704556,1.121377531,0.419282345,-0.316434268,0,0,-1.014040954,1,1,-1.150925575,7,16,16,0,-0.712366587,1,0,0,0
12,4,38,1,0,1,1,0,-0.232581467,-0.182887238,0,-0.198998348,0,-0.212901208,0.085737074,0.401055806,-1.30314964,-0.835514872,0,0,0.529827627,0,1,0.481341311,3,4,7,0,0.810648665,1,0,0,1
1,1,4,0,0,1,2,1,-0.232581467,-0.182887238,0,-0.198998348,1,-0.212901208,-0.595231192,-0.753188354,1.177587224,-0.944794999,0,0,0.319300093,1,1,0.33940506,4,6,4,0,0.334706399,0,0,0,1
11,38,18,0,0,0,2,0,-0.232581467,-0.182887238,0,-0.198998348,0,-0.212901208,-0.558902578,-0.691611196,0.756084565,-0.64427465,0,0,0.319300093,0,1,0.197468809,6,23,13,0,2.000504331,1,0,0,0
6,4,38,1,0,0,3,0,12.45368035,-0.182887238,0,-0.198998348,0,-0.212901208,0.06981432,0.374066669,0.980628228,-0.835514872,0,0,-1.014040954,1,6,-1.221893701,3,3,8,0,-0.759960814,1,0,0,1
10,38,9,0,0,1,2,1,-0.232581467,-0.182887238,0,-0.198998348,0,-0.212901208,-0.574052383,-0.717290181,2.441690994,-1.10871519,0,0,-0.242106664,1,6,-0.228339944,4,5,12,0,-1.37868576,0,0,0,1
3,38,4,1,0,1,1,0,0.016168765,-0.182887238,0,-0.198998348,1,-0.212901208,-0.574052383,-0.717290181,1.105276619,-0.890154936,1,0,-1.294744333,1,6,-1.292861827,8,11,15,0,-1.426279987,0,1,1,1
7,38,1,1,0,1,1,0,-0.232581467,-0.101195563,1,-0.198998348,0,-0.212901208,-0.513453164,-0.614574242,0.10285909,-1.136035222,0,0,0.389475938,1,4,0.410373186,1,1,1,0,0.525083305,0,0,0,1
5,38,2,0,0,0,2,1,-0.232581467,-0.182887238,0,-0.198998348,0,-0.212901208,-0.528602969,-0.640253227,1.090049257,0.448526622,0,0,0.950882694,1,1,1.120054441,1,1,1,0,-0.569583907,0,0,0,0
9,28,38,0,0,0,1,1,-0.232581467,-0.182887238,0,-0.198998348,0,-0.212901208,-0.47696996,-0.552735055,1.485138459,0.749046972,0,0,0.810531005,0,6,0.97811819,9,21,14,0,0.667865985,0,0,0,1
2,19,38,0,0,1,2,0,-0.232581467,-0.182887238,0,-0.198998348,1,-0.212901208,-0.308930799,-0.267907949,-1.371293203,1.02224729,0,0,1.65264114,1,1,1.758767571,2,17,7,0,-0.188830094,0,1,0,1
5,9,16,0,0,0,3,1,-0.232581467,-0.264578914,0,-0.198998348,0,-0.212901208,1.177295966,0.587228446,-1.576275592,0.940287194,0,0,1.792992829,1,4,1.829735696,7,14,3,0,-1.473874213,1,0,0,0
11,7,1,1,0,1,1,1,-0.232581467,3.820004855,0,-0.198998348,0,-0.212901208,2.546807399,4.57258067,-2.284570954,2.060408498,0,0,1.161410228,1,1,1.049086315,7,14,3,0,2.619229277,1,0,1,1
3,38,1,1,0,1,1,0,0.76241946,-0.101195563,1,2.909115705,1,3.675054036,0.494008853,1.093078241,-0.338888112,-1.081395158,1,0,0.670179316,0,10,0.907150064,8,13,10,0,-1.188308853,0,1,0,1
2,38,2,0,0,0,4,1,0.513669228,-0.182887238,0,-0.198998348,1,2.379068955,0.327361001,0.81060941,-0.998860449,0.749046972,1,0,-0.663161731,1,1,-0.654148697,7,14,14,0,0.049141039,0,1,0,1
3,38,22,1,0,1,1,0,-0.232581467,-0.182887238,0,-0.198998348,1,-0.212901208,0.380385317,0.900485856,-0.016440039,-0.944794999,0,0,0.600003471,1,7,0.410373186,8,10,7,1,-0.759960814,0,0,0,1
8,17,18,0,0,0,2,1,-0.232581467,-0.264578914,0,-0.198998348,0,-0.212901208,-0.549781777,-0.676151399,1.112367853,0.749046972,0,0,0.810531005,1,1,0.623277562,2,2,17,0,0.525083305,0,0,1,0
6,31,38,0,0,0,1,1,-0.232581467,-0.182887238,0,-0.198998348,0,-0.212901208,-0.125587244,0.042860173,-0.074440183,0.557806749,0,0,-0.663161731,1,10,-0.938021199,9,21,7,0,0.239517946,1,0,0,0
5,1,38,1,0,1,1,0,-0.232581467,-0.101195563,1,-0.198998348,0,-0.212901208,-0.460428847,-0.524697796,0.085696371,-1.136035222,0,0,0.459651782,1,1,0.552309437,1,1,1,1,-1.045526174,0,1,0,1
2,38,9,1,0,1,1,0,-0.232581467,-0.182887238,0,-0.198998348,1,-0.212901208,0.342510805,0.836288394,0.325296125,-1.081395158,0,0,-0.663161731,1,1,-0.796084948,1,1,1,1,0.572677532,1,0,0,1
11,17,18,0,0,0,2,1,-0.232581467,-0.264578914,0,-0.198998348,0,-0.212901208,-0.513453164,-0.614574242,0.153129727,0.749046972,0,0,-0.94386511,0,6,-1.008989324,6,24,6,0,-1.188308853,1,0,1,0
10,38,1,1,0,1,1,0,-0.232581467,-0.101195563,1,-0.198998348,0,-0.212901208,0.160713148,0.528140578,1.112800019,-1.10871519,0,0,0.319300093,1,6,0.552309437,9,21,4,1,-1.37868576,0,0,0,1
11,39,18,0,0,0,1,1,-0.232581467,-0.264578914,0,-0.198998348,0,-0.212901208,-0.528602969,-0.640253227,-0.576130262,0.284606431,0,0,1.301761917,0,1,1.049086315,9,19,15,0,0.049141039,1,0,0,0
10,1,19,0,1,0,2,1,-0.232581467,-0.182887238,0,-0.198998348,0,-0.212901208,-0.558902578,-0.691611196,1.338290159,0.940287194,0,0,0.319300093,1,1,0.552309437,5,26,14,0,-0.902743494,0,0,0,1
10,38,18,0,0,1,2,0,-0.232581467,-0.182887238,0,-0.198998348,0,-0.212901208,-0.561839785,-0.696589775,0.992570208,-0.64427465,0,0,-1.294744333,0,1,-1.434798078,4,18,14,0,-0.093641641,0,0,0,1
1,53,18,0,0,1,2,1,-0.232581467,-0.264578914,0,-0.198998348,1,-0.212901208,-0.489182558,-0.573435461,-1.318093016,2.060408498,1,1,-1.294744333,1,1,-1.434798078,1,1,1,0,0.525083305,0,1,1,1
10,18,9,0,0,0,2,1,-0.232581467,-0.264578914,0,-0.198998348,0,-0.212901208,-0.505878261,-0.60173475,0.465820839,-0.753554777,0,0,1.161410228,1,4,1.120054441,5,7,6,0,0.620271759,0,0,0,1
6,9,38,1,0,1,1,0,-0.232581467,-0.182887238,0,-0.198998348,0,-0.212901208,0.692502214,1.429525347,-0.153044511,-1.026755095,0,1,-0.522810042,1,1,-0.299308069,3,3,3,1,-1.045526174,0,0,1,1
9,1,38,0,0,1,2,0,-0.232581467,-0.101195563,1,-0.198998348,0,-0.212901208,-0.47696996,-0.552735055,1.488327116,-1.10871519,0,0,0.319300093,0,7,0.055532558,1,1,1,0,0.858242892,0,0,0,1
4,32,38,1,0,0,3,1,-0.232581467,-0.182887238,0,-0.198998348,1,-0.212901208,-0.11955824,0.05307936,-0.100313342,0.202646336,0,0,1.021058539,1,1,0.836181939,1,1,1,1,0.429894852,0,0,0,0
7,3,4,1,0,0,3,1,0.016168765,-0.264578914,0,-0.198998348,0,-0.212901208,-0.413433534,-0.445040537,0.150383025,-0.371074332,0,0,0.88070685,1,1,1.049086315,9,21,17,1,1.952910104,0,0,0,0
3,4,9,0,0,0,3,1,0.016168765,-0.264578914,0,-0.198998348,1,-0.212901208,2.024139135,0.67304342,0.345802302,0.366566527,0,0,-1.294744333,1,4,-1.505766203,9,19,4,0,2.190881238,0,0,0,0
7,16,1,1,0,1,1,0,1.508670155,-0.182887238,0,-0.198998348,0,-0.212901208,0.031939808,0.309869208,1.292369543,-0.507674491,1,0,0.600003471,1,6,0.623277562,7,14,17,1,-0.80755504,0,0,0,1
7,4,9,1,0,0,3,1,-0.232581467,-0.264578914,0,-0.198998348,0,-0.212901208,-0.074108826,0.130116315,0.381755852,-0.780874809,0,0,1.021058539,0,1,0.97811819,3,3,7,0,-0.569583907,0,0,0,0
8,9,1,0,0,0,3,0,-0.232581467,-0.182887238,0,-0.198998348,0,-0.212901208,2.062013646,0.696626161,-0.546243206,-0.534994523,0,0,-0.592985887,1,5,-0.44124432,3,3,2,0,-1.331091533,0,0,0,0
5,17,18,0,0,0,2,1,-0.232581467,-0.264578914,0,-0.198998348,0,-0.212901208,-0.601414785,-0.763669572,0.613864056,0.749046972,0,0,-1.785975245,1,1,-1.576734329,2,17,2,0,-0.569583907,0,0,0,0
3,38,1,1,1,1,1,0,0.016168765,-0.101195563,1,6.017229758,1,-0.212901208,2.365009742,4.264432854,0.755156052,-0.862834904,1,0,-1.224568488,0,1,-1.008989324,1,1,1,1,1.857721651,1,1,0,1
8,5,6,0,0,0,2,1,-0.232581467,-0.264578914,0,-0.198998348,0,-0.212901208,-0.399829628,-0.421981857,1.06902436,-0.371074332,0,0,-1.084216799,0,1,-1.363829952,5,25,8,0,-1.283497307,1,0,0,0
3,38,16,0,0,0,3,1,-0.232581467,-0.182887238,0,-0.198998348,1,-0.212901208,-0.08013783,0.119897127,-1.568493512,-0.453034427,0,0,1.792992829,1,1,1.616831319,3,15,13,0,-0.474395454,0,0,1,0
5,28,38,1,0,0,3,1,-0.232581467,-0.182887238,0,-0.198998348,0,-0.212901208,-0.47696996,-0.552735055,-0.710011902,0.749046972,0,0,0.670179316,1,9,0.694245688,7,16,7,0,-0.379207001,1,0,0,0
3,1,22,1,0,1,1,1,1.011169692,-0.182887238,0,3.530738515,1,4.452645085,0.51673356,1.131596718,-0.71824108,-1.054075127,1,0,0.670179316,0,10,0.481341311,8,11,12,0,-0.95033772,1,1,1,1
3,18,6,1,0,1,1,1,-0.232581467,-0.264578914,0,-0.198998348,1,-0.212901208,-0.581627285,-0.730129673,-1.35633323,-0.999435063,0,0,-0.94386511,0,4,-1.150925575,8,11,13,0,-0.426801227,0,0,0,1
4,38,22,1,0,1,1,0,0.016168765,-0.182887238,0,-0.198998348,1,-0.212901208,-0.004388806,0.24829205,-0.064677144,-1.026755095,1,1,-1.294744333,1,1,-1.363829952,7,14,3,1,0.763054439,0,1,1,1
4,5,9,0,0,0,4,1,-0.232581467,-0.264578914,0,-0.198998348,1,-0.212901208,-0.187732361,-0.062476071,-0.842522009,-0.261794205,0,0,0.249124248,0,1,0.268436935,9,21,8,0,0.191923719,0,1,1,0
8,38,1,0,0,0,2,1,-0.232581467,-0.101195563,1,-0.198998348,0,-0.212901208,-0.589202188,-0.742969166,-0.30892932,-1.10871519,0,0,-0.242106664,1,8,-0.370276195,1,1,1,0,0.572677532,0,0,0,1
3,17,18,0,0,0,2,1,-0.232581467,-0.264578914,0,-0.198998348,1,-0.212901208,-0.586264981,-0.737990587,1.218327416,0.749046972,0,0,-0.03157913,0,1,-0.157371818,1,1,1,0,2.286069691,0,0,0,0
5,38,18,0,0,0,2,0,-0.232581467,-0.182887238,0,-0.198998348,0,-0.212901208,-0.468003749,-0.537537288,0.349016065,-0.64427465,0,0,1.091234383,1,1,1.191022566,2,17,8,0,-1.331091533,0,1,0,0
12,38,16,1,0,1,1,1,0.76241946,-0.182887238,0,-0.198998348,0,-0.212901208,0.509158658,1.118757226,-1.023238107,0.038726145,0,0,0.600003471,1,6,0.33940506,1,1,1,1,-0.569583907,0,0,0,1
9,23,9,0,0,1,1,1,-0.232581467,-0.264578914,0,-0.198998348,0,-0.212901208,0.266761782,0.707893471,0.596789363,-0.589634586,0,0,1.021058539,1,6,0.907150064,1,1,1,0,-1.045526174,1,0,0,1
1,4,18,0,0,0,2,1,-0.232581467,-0.019503887,0,-0.198998348,0,-0.212901208,-0.522573965,-0.630034039,-0.164660172,-0.261794205,0,0,-0.663161731,1,1,-0.654148697,4,6,2,0,-1.188308853,1,0,0,0
1,38,1,1,1,1,1,0,0.016168765,-0.101195563,1,6.017229758,1,-0.212901208,0.562182975,1.208633673,-0.48658131,-1.054075127,0,0,-1.645623556,1,1,-1.434798078,7,9,8,1,2.048098558,0,0,0,1
8,17,38,0,0,0,1,1,-0.232581467,-0.182887238,0,-0.198998348,0,-0.212901208,-0.134708045,0.027400376,0.544779627,1.049567321,0,0,-1.294744333,0,8,-1.221893701,1,1,1,0,0.334706399,0,0,0,0
6,19,6,0,0,0,2,1,-0.232581467,-0.264578914,0,-0.198998348,0,-0.212901208,-0.498303359,-0.588895257,2.490321044,1.350087671,0,0,-1.505271867,1,1,-1.434798078,2,2,17,0,-1.331091533,0,0,0,0
4,17,27,0,0,1,2,1,-0.232581467,-0.264578914,0,-0.198998348,1,-0.212901208,-0.483153554,-0.563216273,1.424697843,2.060408498,0,0,0.950882694,1,3,0.836181939,1,1,1,0,-0.236424321,0,0,0,1
6,38,22,1,0,1,1,0,0.016168765,-0.182887238,0,-0.198998348,0,-0.212901208,0.637931998,1.337028596,-0.670540935,-0.862834904,0,0,-1.294744333,1,1,-1.07995745,3,3,6,1,-0.188830094,0,0,0,1
11,19,30,0,0,1,1,0,-0.232581467,-0.264578914,0,-0.198998348,0,-0.212901208,-0.392254726,-0.409142364,-1.449072252,-0.862834904,0,0,-1.294744333,1,4,-1.150925575,7,14,11,0,1.952910104,0,0,0,1
1,9,38,1,0,1,1,0,-0.232581467,-0.182887238,0,-0.198998348,1,-0.212901208,-0.619501797,-0.794327135,2.077612611,-1.10871519,0,0,-1.014040954,1,4,-0.867053073,9,20,16,1,0.096735266,1,0,0,1
7,38,18,0,0,0,2,0,-0.232581467,-0.182887238,0,-0.198998348,0,-0.212901208,-0.525511172,-0.635012618,-0.167564293,-0.64427465,0,0,0.389475938,1,1,0.126500684,2,2,5,0,-0.759960814,0,0,1,0
5,15,38,1,0,0,3,1,-0.232581467,-0.182887238,0,-0.198998348,0,-0.212901208,-0.47696996,-0.552735055,0.829950342,0.257286399,0,0,0.810531005,1,4,0.907150064,9,20,18,0,-1.0931204,0,0,0,0
8,20,38,0,0,1,1,1,-0.232581467,3.820004855,0,-0.198998348,0,-0.212901208,3.925439633,2.916286156,-1.248693929,2.060408498,0,0,1.65264114,1,3,1.616831319,8,11,15,0,0.049141039,0,0,0,1
6,105,9,1,0,1,1,1,-0.232581467,-0.142041401,0,-0.198998348,0,-0.212901208,-0.104408435,0.078758345,-0.346861609,2.060408498,0,0,-1.505271867,1,3,-1.434798078,7,16,19,0,0.001546812,0,0,0,1
2,15,19,1,0,1,1,1,-0.232581467,-0.264578914,0,-0.198998348,1,-0.212901208,0.084964124,0.399745654,0.095846305,-0.097874014,0,1,0.389475938,0,1,0.552309437,3,3,8,1,-0.236424321,0,1,1,1
9,22,38,1,0,1,1,0,-0.232581467,-0.182887238,0,-0.198998348,0,-0.212901208,-0.27863119,-0.216549979,0.364180753,-1.026755095,1,0,-1.294744333,1,1,-1.505766203,7,16,12,1,0.001546812,0,1,1,1
7,5,27,0,0,1,1,1,-0.232581467,-0.142041401,0,-0.198998348,0,-0.212901208,1.812041868,0.54098007,-0.522486441,2.060408498,0,0,1.863168674,1,1,1.758767571,9,21,3,0,0.191923719,0,0,0,1
12,38,4,1,0,1,1,0,-0.232581467,-0.182887238,0,-0.198998348,0,-0.212901208,0.978802606,1.914805752,1.273412877,-0.453034427,0,0,-0.803513421,1,1,-0.583180571,7,9,7,1,-1.283497307,0,0,1,1
10,5,9,1,0,0,4,1,-0.232581467,-0.264578914,0,-0.198998348,0,-0.212901208,-0.490728457,-0.576055765,-1.200459129,-0.261794205,0,0,-1.294744333,1,1,-1.292861827,8,13,16,1,0.715460212,0,0,0,0
8,1,38,1,0,1,1,0,-0.232581467,-0.101195563,1,-0.198998348,0,-0.212901208,-0.165007654,-0.023957594,-0.122106567,-1.136035222,1,0,-0.382458353,0,1,-0.299308069,3,4,11,0,0.572677532,0,0,0,1
5,17,18,0,0,0,2,1,-0.232581467,-0.264578914,0,-0.198998348,0,-0.212901208,-0.480061757,-0.557975664,1.114392868,0.749046972,0,0,1.161410228,1,1,1.049086315,5,26,8,0,0.096735266,0,0,0,0
8,17,18,0,0,0,2,1,-0.232581467,-0.264578914,0,-0.198998348,0,-0.212901208,-0.495211562,-0.583654648,0.618226287,0.749046972,0,0,-0.803513421,1,1,-0.796084948,5,7,13,0,-0.141235868,0,0,0,0
10,17,18,0,0,0,2,1,-0.232581467,-0.264578914,0,-0.198998348,0,-0.212901208,-0.555965371,-0.686632618,0.845997937,0.749046972,0,0,-0.242106664,1,1,-0.086403693,2,22,5,0,2.571635051,0,0,0,0
9,38,19,0,0,1,2,1,-0.232581467,-0.182887238,0,-0.198998348,0,-0.212901208,-0.513453164,-0.614574242,-1.926392341,1.02224729,0,0,0.810531005,1,1,1.049086315,6,23,11,0,-0.712366587,0,0,0,1
12,27,4,1,0,1,1,0,-0.232581467,-0.264578914,0,-0.198998348,1,-0.212901208,1.359093623,2.559400675,0.159384467,2.060408498,0,0,-1.294744333,1,4,-1.434798078,8,11,9,1,-1.37868576,1,0,0,1
5,28,1,1,0,1,1,1,-0.232581467,-0.182887238,0,-0.198998348,0,-0.212901208,1.236349287,2.351348492,-1.424890879,2.060408498,1,1,0.108772559,0,1,0.33940506,3,3,16,1,-0.331612774,0,1,1,1
2,12,1,0,0,0,3,0,-0.232581467,-0.060349725,0,-0.198998348,0,-0.212901208,6.531206052,3.479389607,-0.172192821,2.060408498,0,0,-0.242106664,1,1,-0.228339944,9,20,12,0,2.190881238,0,0,0,1
3,31,18,0,0,0,1,1,-0.232581467,-0.264578914,0,-0.198998348,1,-0.212901208,-0.40740453,-0.434821349,0.411386512,0.038726145,0,0,-0.663161731,1,1,-0.44124432,1,1,1,0,0.620271759,0,0,0,0
6,17,6,0,0,0,2,1,-0.232581467,-0.264578914,0,-0.198998348,0,-0.212901208,-0.513453164,-0.614574242,0.304103834,0.994927258,0,0,0.950882694,1,1,1.120054441,2,2,14,0,0.096735266,0,0,1,0
3,27,9,1,0,0,1,1,-0.232581467,-0.264578914,0,-0.198998348,1,-0.212901208,-0.460428847,-0.524697796,-0.830751849,0.940287194,0,0,-1.575447711,1,10,-1.363829952,3,4,18,0,2.048098558,0,0,0,0
8,1,38,0,0,0,3,0,-0.232581467,-0.101195563,1,-0.198998348,0,-0.212901208,-0.074108826,0.130116315,-0.911202173,-1.136035222,0,0,-1.294744333,1,1,-1.150925575,1,1,1,0,0.239517946,0,0,0,0
2,38,2,0,0,0,2,1,-0.232581467,-0.182887238,0,-0.198998348,1,-0.212901208,-0.56647748,-0.704450689,0.505806731,0.448526622,0,0,1.091234383,1,1,1.120054441,6,12,10,0,-0.80755504,0,0,0,0
11,38,1,1,0,1,1,0,-0.232581467,-0.101195563,1,-0.198998348,0,-0.212901208,-0.165007654,-0.023957594,0.109997947,-1.136035222,0,0,-1.154392644,1,1,-1.292861827,7,14,9,1,-1.283497307,0,0,0,1
8,17,18,0,0,0,2,1,-0.232581467,-0.264578914,0,-0.198998348,0,-0.212901208,-0.510361367,-0.609333633,1.812567948,0.749046972,0,0,0.950882694,1,2,0.907150064,4,18,9,0,0.382300625,0,0,0,0
1,17,18,1,0,1,1,1,-0.232581467,-0.019503887,0,-0.198998348,0,-0.212901208,0.137988441,0.489622101,-0.419218063,0.858327099,0,0,-0.803513421,1,9,-0.654148697,9,20,12,1,-0.617178134,0,0,0,1
2,15,4,1,0,0,3,1,-0.232581467,-0.264578914,0,-0.198998348,1,-0.212901208,-0.180157459,-0.049636578,0.278246289,-0.097874014,0,0,0.529827627,0,6,0.694245688,8,13,8,1,0.239517946,1,0,0,0
5,38,4,0,0,0,2,1,-0.232581467,-0.182887238,0,-0.198998348,0,-0.212901208,-0.605897891,-0.771268455,-0.365126239,-0.835514872,0,0,-1.014040954,1,4,-1.292861827,6,23,4,0,-0.474395454,0,0,0,1
5,19,38,1,0,1,1,0,-0.232581467,-0.182887238,0,-0.198998348,0,-0.212901208,-0.414979433,-0.447660842,0.301184191,0.667086876,0,0,0.249124248,1,1,0.33940506,3,3,14,1,-0.141235868,0,0,0,1
5,38,6,0,0,0,2,0,-0.232581467,-0.182887238,0,-0.198998348,0,-0.212901208,-0.558902578,-0.691611196,0.724012759,-0.890154936,0,0,0.529827627,0,1,0.268436935,1,1,1,0,1.286590931,0,0,0,0
2,1,22,1,0,1,1,1,0.264918997,-0.182887238,0,6.017229758,1,3.675054036,0.22888727,0.643696009,-0.10580225,-1.081395158,0,0,0.670179316,0,10,0.410373186,7,16,14,1,-1.37868576,0,0,0,1
1,23,9,1,0,0,1,1,0.016168765,-0.264578914,0,-0.198998348,1,-0.212901208,2.471058375,4.444185747,1.402088641,0.749046972,0,0,0.249124248,1,1,0.33940506,8,13,18,0,0.334706399,0,0,0,0
3,1,4,1,0,1,1,0,-0.232581467,-0.182887238,0,-0.198998348,1,-0.212901208,-0.422554335,-0.460500334,0.507579778,-0.972115031,0,0,0.178948404,1,7,0.197468809,3,3,2,1,-0.188830094,0,0,0,1
6,39,18,0,0,0,2,1,-0.232581467,-0.264578914,0,-0.198998348,0,-0.212901208,-0.50742416,-0.604355054,-0.52988001,0.475846654,0,0,-0.94386511,0,1,-0.725116822,5,7,2,0,2.286069691,0,1,0,0
6,19,38,1,0,0,3,0,-0.232581467,-0.060349725,0,-0.198998348,0,-0.212901208,-0.058959021,0.155795299,-0.255959968,0.667086876,0,0,1.371937762,1,1,1.261990692,8,13,4,1,0.001546812,0,0,0,0
8,38,1,1,0,1,1,0,1.011169692,-0.101195563,1,1.044247273,0,4.452645085,1.933240306,3.532581789,-1.39691021,-0.917474968,0,0,-0.663161731,1,1,-0.796084948,3,15,10,0,0.287112172,0,0,0,1
11,9,2,0,0,0,3,1,-0.232581467,-0.264578914,0,-0.198998348,0,-0.212901208,-0.218031971,-0.11383404,-0.410095948,0.257286399,0,0,0.389475938,1,1,0.33940506,9,19,2,0,0.858242892,0,0,0,0
8,22,38,1,0,1,1,0,-0.232581467,-0.182887238,0,-0.198998348,0,-0.212901208,-0.47696996,-0.552735055,-0.461077501,-1.026755095,0,0,1.231586073,0,1,1.474895068,8,11,10,0,0.144329492,0,0,0,1
5,72,1,0,0,0,3,1,0.264918997,3.820004855,0,-0.198998348,0,-0.212901208,6.644829588,3.55013783,-0.567975477,2.060408498,0,0,1.582465296,1,1,1.687799445,1,1,1,0,0.810648665,0,0,0,1
11,1,38,1,0,1,1,0,-0.232581467,-0.101195563,1,-0.198998348,0,-0.212901208,0.531883365,1.157275703,-1.011106188,-1.081395158,0,0,-0.803513421,1,1,-1.008989324,3,3,12,0,-1.426279987,0,0,0,1
10,1,38,0,0,1,2,0,-0.232581467,-0.101195563,1,-0.198998348,0,-0.212901208,-0.574052383,-0.717290181,-1.865104632,-1.10871519,0,0,1.442113606,1,1,1.616831319,1,1,1,0,-1.331091533,0,0,1,1
5,19,1,0,1,0,2,1,-0.232581467,-0.182887238,0,-0.198998348,0,-0.212901208,-0.47696996,-0.552735055,1.139486664,0.940287194,0,0,-0.242106664,1,4,-0.44124432,4,5,13,0,-0.236424321,0,0,0,1
11,9,38,1,0,1,1,0,-0.232581467,-0.182887238,0,-0.198998348,0,-0.212901208,-0.483153554,-0.563216273,0.157697369,-1.10871519,0,0,-1.7157994,0,4,-1.505766203,8,11,8,1,-1.37868576,0,0,0,1
2,38,18,0,0,0,1,0,0.016168765,-0.182887238,0,-0.198998348,1,-0.212901208,0.671168815,1.393365144,-0.473109573,-0.234474173,0,0,0.389475938,0,8,0.481341311,7,14,16,0,1.191402478,1,0,0,0
10,16,3,0,0,0,3,1,0.016168765,-0.264578914,0,-0.198998348,0,-0.212901208,1.74989675,0.502285123,-0.336896313,0.229966368,0,0,1.512289451,1,1,1.758767571,3,15,15,0,-0.521989681,1,0,0,0
9,2,9,1,0,0,3,1,-0.232581467,-0.264578914,0,-0.198998348,0,-0.212901208,-0.460428847,-0.524697796,1.007167037,0.257286399,0,0,0.249124248,1,1,-0.015435567,1,1,1,1,0.239517946,1,0,0,0
5,18,9,0,0,1,2,1,-0.232581467,-0.264578914,0,-0.198998348,0,-0.212901208,-0.498303359,-0.588895257,0.363364671,-0.753554777,0,0,0.038596715,1,1,0.055532558,6,24,14,0,0.382300625,0,0,0,1
4,17,9,1,0,0,3,1,-0.232581467,-0.264578914,0,-0.198998348,1,-0.212901208,0.160713148,0.528140578,1.03010418,1.432047766,0,0,-1.224568488,1,2,-1.292861827,9,19,11,0,-1.188308853,0,0,0,0
3,17,18,0,0,0,2,1,-0.232581467,-0.264578914,0,-0.198998348,1,-0.212901208,-0.513453164,-0.614574242,-0.686386014,0.749046972,0,0,-1.154392644,0,1,-1.008989324,1,1,1,0,0.049141039,0,0,0,0
2,22,38,0,1,1,2,0,-0.232581467,-0.182887238,0,-0.198998348,1,-0.212901208,-0.47696996,-0.552735055,1.895751348,-0.999435063,0,0,-1.785975245,0,10,-1.576734329,5,26,8,0,-0.474395454,0,0,0,1
6,5,38,0,0,0,3,1,-0.232581467,-0.060349725,0,-0.198998348,0,-0.212901208,-0.110437439,0.068539157,-0.358072227,-0.152514077,0,0,-0.663161731,1,1,-0.938021199,8,13,18,0,-1.426279987,1,0,0,0
9,38,2,0,0,0,2,1,-0.232581467,-0.182887238,0,-0.198998348,0,-0.212901208,-0.56647748,-0.704450689,-0.392174244,0.448526622,0,0,1.301761917,0,1,1.403926943,2,2,6,0,-0.521989681,1,0,0,0
2,46,4,0,0,1,2,1,-0.232581467,-0.264578914,0,-0.198998348,1,-0.212901208,-0.510515957,-0.609595664,-0.914238654,2.060408498,0,0,-1.7157994,1,3,-1.505766203,5,7,5,0,-1.188308853,0,0,0,1
6,20,38,0,0,1,2,1,-0.232581467,-0.182887238,0,-0.198998348,0,-0.212901208,-0.619501797,-0.794327135,-1.161267228,1.514007862,0,0,-1.575447711,1,7,-1.505766203,5,7,5,0,2.809606184,0,0,0,1
11,5,6,0,0,0,2,1,-0.232581467,-0.264578914,0,-0.198998348,0,-0.212901208,-0.536177871,-0.653092719,1.152653017,-0.371074332,0,0,-1.364920177,1,1,-1.434798078,5,26,11,0,-0.046047414,1,0,0,0
10,15,16,1,0,1,1,1,-0.232581467,-0.264578914,0,-0.198998348,0,-0.212901208,0.031939808,0.309869208,0.010877936,-0.453034427,0,0,0.88070685,1,1,0.907150064,9,20,11,1,-0.284018547,1,0,0,1
10,19,18,0,0,0,2,1,-0.232581467,-0.264578914,0,-0.198998348,0,-0.212901208,-0.552718984,-0.681129978,-2.092242658,1.623287989,0,0,-1.224568488,1,1,-1.505766203,6,23,17,0,-0.521989681,1,0,0,0
1,4,9,0,0,0,1,1,0.016168765,-0.019503887,0,-0.198998348,0,-0.212901208,-0.127133142,0.040239868,-0.038623078,-0.780874809,0,0,1.65264114,0,1,1.403926943,7,16,19,0,0.572677532,0,0,0,0
8,30,3,0,0,0,3,1,0.264918997,-0.264578914,0,-0.198998348,0,-0.212901208,-0.43770414,-0.486179319,0.569300893,-0.835514872,0,0,1.231586073,0,1,1.332958817,3,3,10,0,-0.80755504,0,0,0,0
1,38,18,1,0,1,1,0,-0.232581467,-0.182887238,0,-0.198998348,1,-0.212901208,-0.40740453,-0.434821349,-0.498654335,-0.698914713,0,0,-0.592985887,0,2,-0.370276195,8,10,12,1,-0.997931947,1,0,1,1
10,9,6,0,0,0,2,0,-0.232581467,-0.264578914,0,-0.198998348,0,-0.212901208,-0.574052383,-0.717290181,1.224789246,-0.999435063,0,0,0.178948404,1,1,0.126500684,2,2,11,0,1.381779385,0,0,0,0
12,9,22,0,0,0,1,1,-0.232581467,-0.264578914,0,-0.198998348,0,-0.212901208,-0.543752773,-0.665932212,-0.030958571,-0.944794999,0,0,0.319300093,1,1,0.552309437,7,16,17,0,-0.141235868,0,0,0,0
6,38,1,0,0,0,3,0,0.016168765,-0.101195563,1,-0.198998348,0,-0.212901208,1.713568137,0.479664943,-1.483636132,-0.944794999,0,0,1.512289451,1,1,1.687799445,7,16,12,0,-0.521989681,1,0,0,0
9,38,18,0,0,1,2,1,-0.232581467,-0.182887238,0,-0.198998348,0,-0.212901208,-0.492119765,-0.578414039,0.939792848,-0.64427465,0,0,-0.803513421,1,1,-0.583180571,1,1,1,0,0.334706399,0,0,0,1
5,17,6,0,0,0,2,1,-0.232581467,-0.264578914,0,-0.198998348,0,-0.212901208,-0.604351992,-0.768648151,1.296356317,0.994927258,0,0,-1.364920177,1,1,-1.150925575,1,1,1,0,0.905837118,0,0,0,0
5,17,18,1,0,1,1,1,-0.232581467,-0.264578914,0,-0.198998348,0,-0.212901208,0.837816667,1.675833976,-0.156905899,2.060408498,0,0,-1.505271867,1,1,-1.292861827,8,10,4,1,0.049141039,0,0,0,1
9,19,27,1,0,1,1,0,-0.232581467,-0.264578914,0,-0.198998348,0,-0.212901208,-0.505878261,-0.60173475,-0.163619317,-1.054075127,0,0,0.038596715,1,1,0.268436935,1,1,1,1,2.71441773,0,0,0,1
3,27,38,1,0,0,1,1,-0.232581467,-0.182887238,0,-0.198998348,1,-0.212901208,0.016790003,0.284190223,-0.948284057,0.912967162,0,0,0.319300093,1,1,0.33940506,9,21,19,0,0.763054439,1,0,0,0
9,28,6,0,0,0,2,1,-0.232581467,-0.264578914,0,-0.198998348,0,-0.212901208,-0.604351992,-0.768648151,0.178382221,1.459367798,0,0,1.371937762,1,1,1.616831319,5,26,20,0,-0.426801227,0,0,0,0
7,5,9,0,0,1,3,1,-0.232581467,-0.264578914,0,-0.198998348,0,-0.212901208,-0.013509607,0.232832253,-1.129787807,-0.261794205,0,0,1.442113606,1,1,1.261990692,9,21,15,0,1.572156291,0,0,0,0
5,38,4,1,0,1,1,0,-0.232581467,3.820004855,0,-0.198998348,0,-0.212901208,-0.207365272,-0.095753939,0.989589398,-0.890154936,0,0,-0.452634198,0,1,-0.512212446,3,15,9,1,-0.284018547,1,0,0,1
6,9,22,0,0,0,3,1,1.011169692,-0.019503887,0,-0.198998348,0,-0.212901208,1.622669308,0.964683318,0.345124784,-0.3437543,0,0,-0.522810042,1,1,-0.725116822,8,11,15,0,-0.474395454,0,0,0,0
8,6,9,0,0,1,2,1,0.016168765,-0.264578914,0,-0.198998348,0,7.56300928,-0.543752773,-0.665932212,1.178894552,-0.80819484,0,0,-0.382458353,0,10,-0.157371818,5,7,2,0,-1.188308853,1,0,0,1
12,6,9,0,0,1,2,1,-0.232581467,-0.264578914,0,-0.198998348,0,-0.212901208,-0.604351992,-0.768648151,1.228491608,-0.999435063,0,0,1.371937762,0,8,1.545863194,4,6,5,0,-1.188308853,0,0,1,1
10,38,18,0,0,0,2,0,-0.232581467,-0.182887238,0,-0.198998348,0,-0.212901208,-0.555810781,-0.686370587,2.360440304,-0.64427465,0,0,-1.435096022,1,1,-1.434798078,5,26,20,0,0.763054439,1,0,0,0
6,17,38,1,0,0,1,1,0.264918997,-0.060349725,0,-0.198998348,0,-0.212901208,-0.08925863,0.10443733,0.332750313,1.049567321,0,0,-0.733337576,1,1,-0.796084948,9,20,7,1,-0.331612774,0,1,0,0
2,38,1,1,0,1,1,0,0.016168765,-0.101195563,1,6.017229758,1,-0.212901208,0.440984536,1.003201795,-0.899330768,-1.081395158,1,0,-0.663161731,1,8,-0.512212446,1,1,1,0,0.334706399,0,1,0,1
10,4,3,1,0,0,1,1,-0.232581467,-0.264578914,0,-0.198998348,0,-0.212901208,-0.171191248,-0.034438812,-1.550163544,-0.371074332,0,0,1.161410228,1,1,1.261990692,1,1,1,1,-0.617178134,1,0,0,0
12,5,38,1,0,0,1,1,-0.232581467,-0.182887238,0,-0.198998348,0,-0.212901208,0.183437855,0.566659055,-0.562310545,0.093366209,0,0,1.091234383,1,1,1.191022566,3,4,12,0,1.572156291,0,0,0,0
6,28,38,1,0,0,1,1,-0.232581467,-0.060349725,0,-0.198998348,0,-0.212901208,-0.021084509,0.219992761,-2.014191141,0.749046972,0,0,0.950882694,1,1,0.836181939,1,1,1,0,-0.046047414,0,0,0,0
9,1,38,1,0,1,1,0,-0.232581467,-0.101195563,1,-0.198998348,0,-0.212901208,-0.361955116,-0.357784395,-0.098584836,-1.136035222,1,0,0.319300093,1,1,0.552309437,3,4,9,0,-0.046047414,0,1,0,1
3,17,18,0,0,0,2,1,-0.232581467,-0.019503887,0,-0.198998348,0,-0.212901208,-0.586110391,-0.737728557,-0.654137437,0.749046972,0,0,-0.733337576,1,1,-0.938021199,5,26,5,0,-0.95033772,1,0,0,0